[
    {
        "id": 0,
        "mean_depth": 569.640625
    },
    {
        "id": 1,
        "mean_depth": 559.9285888671875
    },
    {
        "id": 2,
        "mean_depth": 525.4610595703125
    },
    {
        "id": 3,
        "mean_depth": 566.3779296875
    },
    {
        "id": 4,
        "mean_depth": 878.2120971679688
    },
    {
        "id": 5,
        "mean_depth": 684.8378295898438
    },
    {
        "id": 6,
        "mean_depth": 724.0145874023438
    },
    {
        "id": 7,
        "mean_depth": 706.73681640625
    },
    {
        "id": 8,
        "mean_depth": 543.3383178710938
    },
    {
        "id": 9,
        "mean_depth": 455.1024169921875
    },
    {
        "id": 10,
        "mean_depth": 619.4400024414062
    },
    {
        "id": 11,
        "mean_depth": 792.54248046875
    },
    {
        "id": 12,
        "mean_depth": 568.4932250976562
    },
    {
        "id": 13,
        "mean_depth": 576.4705810546875
    },
    {
        "id": 14,
        "mean_depth": 713.2711791992188
    },
    {
        "id": 15,
        "mean_depth": 677.313720703125
    },
    {
        "id": 16,
        "mean_depth": 705.8989868164062
    },
    {
        "id": 17,
        "mean_depth": 533.330078125
    },
    {
        "id": 18,
        "mean_depth": 521.3052368164062
    },
    {
        "id": 19,
        "mean_depth": 742.5724487304688
    },
    {
        "id": 20,
        "mean_depth": 4.769716262817383
    },
    {
        "id": 21,
        "mean_depth": 845.8837280273438
    },
    {
        "id": 22,
        "mean_depth": 877.7788696289062
    },
    {
        "id": 23,
        "mean_depth": 646.9006958007812
    },
    {
        "id": 24,
        "mean_depth": 609.6460571289062
    },
    {
        "id": 25,
        "mean_depth": 740.0901489257812
    },
    {
        "id": 26,
        "mean_depth": 750.8571166992188
    },
    {
        "id": 27,
        "mean_depth": 521.3048706054688
    },
    {
        "id": 28,
        "mean_depth": 501.20269775390625
    },
    {
        "id": 29,
        "mean_depth": 0.0
    },
    {
        "id": 30,
        "mean_depth": 806.2796630859375
    },
    {
        "id": 31,
        "mean_depth": 820.3262939453125
    },
    {
        "id": 32,
        "mean_depth": 621.2048950195312
    },
    {
        "id": 33,
        "mean_depth": 610.0177612304688
    },
    {
        "id": 34,
        "mean_depth": 540.3595581054688
    },
    {
        "id": 35,
        "mean_depth": 569.2205200195312
    },
    {
        "id": 36,
        "mean_depth": 609.2532348632812
    },
    {
        "id": 37,
        "mean_depth": 0.0
    },
    {
        "id": 38,
        "mean_depth": 0.0
    },
    {
        "id": 39,
        "mean_depth": 512.638916015625
    },
    {
        "id": 42,
        "mean_depth": 542.7462158203125
    },
    {
        "id": 43,
        "mean_depth": 540.1036376953125
    },
    {
        "id": 44,
        "mean_depth": 529.255615234375
    },
    {
        "id": 45,
        "mean_depth": 542.3035888671875
    },
    {
        "id": 48,
        "mean_depth": 816.7333374023438
    },
    {
        "id": 49,
        "mean_depth": 1195.6341552734375
    },
    {
        "id": 50,
        "mean_depth": 1180.5909423828125
    },
    {
        "id": 51,
        "mean_depth": 986.0116577148438
    },
    {
        "id": 52,
        "mean_depth": 969.219482421875
    },
    {
        "id": 53,
        "mean_depth": 949.5147094726562
    },
    {
        "id": 54,
        "mean_depth": 1201.720947265625
    },
    {
        "id": 55,
        "mean_depth": 1208.351318359375
    },
    {
        "id": 56,
        "mean_depth": 991.1481323242188
    },
    {
        "id": 57,
        "mean_depth": 966.1333618164062
    },
    {
        "id": 58,
        "mean_depth": 810.8365478515625
    },
    {
        "id": 59,
        "mean_depth": 762.72021484375
    },
    {
        "id": 60,
        "mean_depth": 0.0
    },
    {
        "id": 61,
        "mean_depth": 843.4000244140625
    },
    {
        "id": 62,
        "mean_depth": 874.5607299804688
    },
    {
        "id": 63,
        "mean_depth": 648.6416015625
    },
    {
        "id": 64,
        "mean_depth": 625.1588134765625
    },
    {
        "id": 65,
        "mean_depth": 499.6473388671875
    },
    {
        "id": 66,
        "mean_depth": 479.6071472167969
    },
    {
        "id": 67,
        "mean_depth": 738.5346069335938
    },
    {
        "id": 68,
        "mean_depth": 745.2000122070312
    },
    {
        "id": 69,
        "mean_depth": 375.3333435058594
    },
    {
        "id": 70,
        "mean_depth": 789.582763671875
    },
    {
        "id": 71,
        "mean_depth": 802.1551513671875
    },
    {
        "id": 72,
        "mean_depth": 641.0447998046875
    },
    {
        "id": 73,
        "mean_depth": 634.420166015625
    },
    {
        "id": 74,
        "mean_depth": 620.2636108398438
    },
    {
        "id": 75,
        "mean_depth": 0.0
    },
    {
        "id": 76,
        "mean_depth": 876.1666870117188
    },
    {
        "id": 77,
        "mean_depth": 878.1630249023438
    },
    {
        "id": 78,
        "mean_depth": 676.6578979492188
    },
    {
        "id": 79,
        "mean_depth": 666.6387329101562
    },
    {
        "id": 80,
        "mean_depth": 664.0443115234375
    },
    {
        "id": 81,
        "mean_depth": 680.3653564453125
    },
    {
        "id": 84,
        "mean_depth": 495.1455078125
    },
    {
        "id": 85,
        "mean_depth": 565.4888916015625
    },
    {
        "id": 86,
        "mean_depth": 6.349367141723633
    },
    {
        "id": 87,
        "mean_depth": 0.0
    },
    {
        "id": 88,
        "mean_depth": 716.0733642578125
    },
    {
        "id": 89,
        "mean_depth": 854.402587890625
    },
    {
        "id": 90,
        "mean_depth": 834.732421875
    },
    {
        "id": 91,
        "mean_depth": 1040.5689697265625
    },
    {
        "id": 92,
        "mean_depth": 1043.2884521484375
    },
    {
        "id": 93,
        "mean_depth": 560.4297485351562
    },
    {
        "id": 94,
        "mean_depth": 718.078125
    },
    {
        "id": 95,
        "mean_depth": 737.1776123046875
    },
    {
        "id": 96,
        "mean_depth": 561.5565795898438
    },
    {
        "id": 97,
        "mean_depth": 557.7372436523438
    },
    {
        "id": 98,
        "mean_depth": 592.0144653320312
    },
    {
        "id": 99,
        "mean_depth": 716.3243408203125
    },
    {
        "id": 100,
        "mean_depth": 675.34228515625
    },
    {
        "id": 101,
        "mean_depth": 713.2739868164062
    },
    {
        "id": 102,
        "mean_depth": 649.7616577148438
    },
    {
        "id": 103,
        "mean_depth": 657.2965087890625
    },
    {
        "id": 104,
        "mean_depth": 911.2466430664062
    },
    {
        "id": 105,
        "mean_depth": 758.0482788085938
    },
    {
        "id": 106,
        "mean_depth": 774.6094970703125
    },
    {
        "id": 107,
        "mean_depth": 594.9666748046875
    },
    {
        "id": 108,
        "mean_depth": 595.1399536132812
    },
    {
        "id": 109,
        "mean_depth": 651.4012451171875
    },
    {
        "id": 110,
        "mean_depth": 1395.824951171875
    },
    {
        "id": 111,
        "mean_depth": 1408.75
    },
    {
        "id": 112,
        "mean_depth": 1193.2894287109375
    },
    {
        "id": 113,
        "mean_depth": 1186.0540771484375
    },
    {
        "id": 114,
        "mean_depth": 1188.811279296875
    },
    {
        "id": 115,
        "mean_depth": 1210.642822265625
    },
    {
        "id": 116,
        "mean_depth": 619.802978515625
    },
    {
        "id": 117,
        "mean_depth": 650.4935913085938
    },
    {
        "id": 118,
        "mean_depth": 56.89253616333008
    },
    {
        "id": 119,
        "mean_depth": 146.38841247558594
    },
    {
        "id": 120,
        "mean_depth": 672.2841796875
    },
    {
        "id": 121,
        "mean_depth": 769.5357055664062
    },
    {
        "id": 122,
        "mean_depth": 782.279052734375
    },
    {
        "id": 123,
        "mean_depth": 623.6995239257812
    },
    {
        "id": 124,
        "mean_depth": 607.3681030273438
    },
    {
        "id": 125,
        "mean_depth": 581.9091186523438
    },
    {
        "id": 126,
        "mean_depth": 802.4580688476562
    },
    {
        "id": 127,
        "mean_depth": 579.8543701171875
    },
    {
        "id": 128,
        "mean_depth": 584.3109741210938
    },
    {
        "id": 129,
        "mean_depth": 710.6085205078125
    },
    {
        "id": 130,
        "mean_depth": 622.9451293945312
    },
    {
        "id": 131,
        "mean_depth": 675.6153564453125
    },
    {
        "id": 132,
        "mean_depth": 549.7811279296875
    },
    {
        "id": 133,
        "mean_depth": 577.65576171875
    },
    {
        "id": 134,
        "mean_depth": 849.6049194335938
    },
    {
        "id": 135,
        "mean_depth": 610.4586181640625
    },
    {
        "id": 136,
        "mean_depth": 647.280029296875
    },
    {
        "id": 137,
        "mean_depth": 514.4585571289062
    },
    {
        "id": 138,
        "mean_depth": 515.248779296875
    },
    {
        "id": 139,
        "mean_depth": 800.3793334960938
    }
]