{"info":{"year":"2024","version":"2","description":"Exported from roboflow.com","contributor":"","url":"https://public.roboflow.com/object-detection/undefined","date_created":"2024-06-02T23:38:05+00:00"},"licenses":[{"id":1,"url":"https://creativecommons.org/licenses/by/4.0/","name":"CC BY 4.0"}],"categories":[{"id":0,"name":"tomato-pCoB","supercategory":"none"},{"id":1,"name":"tomato-pCoB","supercategory":"tomato-pCoB"}],"images":[{"id":0,"license":1,"file_name":"depth_color_image_30nisan50_jpg.rf.5690760ef970720988306c4b929822ff.jpg","height":424,"width":512,"date_captured":"2024-06-02T23:38:05+00:00"},{"id":1,"license":1,"file_name":"depth_color_image_30nisan53_jpg.rf.62de2718f6fe0c922f6602327792b724.jpg","height":424,"width":512,"date_captured":"2024-06-02T23:38:05+00:00"},{"id":2,"license":1,"file_name":"depth_color_image_30nisan9_jpg.rf.77212f06a62fa23a3feb6529d513051e.jpg","height":424,"width":512,"date_captured":"2024-06-02T23:38:05+00:00"},{"id":3,"license":1,"file_name":"depth_color_image_30nisan35_jpg.rf.3371267c863f445006595f082b075b12.jpg","height":424,"width":512,"date_captured":"2024-06-02T23:38:05+00:00"},{"id":4,"license":1,"file_name":"depth_color_image_30nisan8_jpg.rf.195cd39a3d723bd5918e94182af278da.jpg","height":424,"width":512,"date_captured":"2024-06-02T23:38:05+00:00"},{"id":5,"license":1,"file_name":"depth_color_image_30nisan10_jpg.rf.83ed8fa6073bb5d58f9d112411a0a1b7.jpg","height":424,"width":512,"date_captured":"2024-06-02T23:38:05+00:00"},{"id":6,"license":1,"file_name":"depth_color_image_30nisan15_jpg.rf.4ddc5743d2266896795e0570a31a72ec.jpg","height":424,"width":512,"date_captured":"2024-06-02T23:38:05+00:00"},{"id":7,"license":1,"file_name":"depth_color_image_30nisan46_jpg.rf.78c76562d9b8463d7b33c6b1c7d69fd0.jpg","height":424,"width":512,"date_captured":"2024-06-02T23:38:05+00:00"},{"id":8,"license":1,"file_name":"depth_color_image_30nisan33_jpg.rf.68ed241841d1c7cd4a7caad002b78383.jpg","height":424,"width":512,"date_captured":"2024-06-02T23:38:05+00:00"},{"id":9,"license":1,"file_name":"depth_color_image_30nisan28_jpg.rf.82ebdd6c957f179fd7e98f3b609bc1a0.jpg","height":424,"width":512,"date_captured":"2024-06-02T23:38:05+00:00"},{"id":10,"license":1,"file_name":"depth_color_image_30nisan55_jpg.rf.42e35cedd1c200342e787f6253277db2.jpg","height":424,"width":512,"date_captured":"2024-06-02T23:38:05+00:00"},{"id":11,"license":1,"file_name":"depth_color_image_30nisan43_jpg.rf.282374eb3ffeb3c301b67d285e264118.jpg","height":424,"width":512,"date_captured":"2024-06-02T23:38:05+00:00"},{"id":12,"license":1,"file_name":"depth_color_image_30nisan20_jpg.rf.81d6e872a87c4a12fbbf69b335a8bcdf.jpg","height":424,"width":512,"date_captured":"2024-06-02T23:38:05+00:00"},{"id":13,"license":1,"file_name":"depth_color_image_30nisan21_jpg.rf.a5d84a68454ca7a03ce1996119bda8d5.jpg","height":424,"width":512,"date_captured":"2024-06-02T23:38:05+00:00"},{"id":14,"license":1,"file_name":"depth_color_image_30nisan31_jpg.rf.68734c1e59ee16187a15c21903149f45.jpg","height":424,"width":512,"date_captured":"2024-06-02T23:38:05+00:00"},{"id":15,"license":1,"file_name":"depth_color_image_30nisan66_jpg.rf.ad60901dc3971f2fe762fc898624842a.jpg","height":424,"width":512,"date_captured":"2024-06-02T23:38:05+00:00"},{"id":16,"license":1,"file_name":"depth_color_image_30nisan42_jpg.rf.7caaa01b9f100d4089f61e5d7b057c3d.jpg","height":424,"width":512,"date_captured":"2024-06-02T23:38:05+00:00"},{"id":17,"license":1,"file_name":"depth_color_image_30nisan6_jpg.rf.33da9987de56d002b832954aa9970883.jpg","height":424,"width":512,"date_captured":"2024-06-02T23:38:05+00:00"},{"id":18,"license":1,"file_name":"depth_color_image_30nisan11_jpg.rf.5134317166a33e972e7ca5a51e393bf9.jpg","height":424,"width":512,"date_captured":"2024-06-02T23:38:05+00:00"},{"id":19,"license":1,"file_name":"depth_color_image_30nisan40_jpg.rf.74fc5f4df38182bbcea3e9ead1d46dd2.jpg","height":424,"width":512,"date_captured":"2024-06-02T23:38:05+00:00"},{"id":20,"license":1,"file_name":"depth_color_image_30nisan56_jpg.rf.22d31c826f75c6fd3ed1a604d40c8e61.jpg","height":424,"width":512,"date_captured":"2024-06-02T23:38:05+00:00"},{"id":21,"license":1,"file_name":"depth_color_image_30nisan16_jpg.rf.4c412fa7636986788132281850a1971e.jpg","height":424,"width":512,"date_captured":"2024-06-02T23:38:05+00:00"},{"id":22,"license":1,"file_name":"depth_color_image_30nisan32_jpg.rf.ae0b87db6fdc3f161eeb68630d9fb9a3.jpg","height":424,"width":512,"date_captured":"2024-06-02T23:38:05+00:00"},{"id":23,"license":1,"file_name":"depth_color_image_30nisan39_jpg.rf.2ab313cad83905de1e790a92c44d8316.jpg","height":424,"width":512,"date_captured":"2024-06-02T23:38:05+00:00"},{"id":24,"license":1,"file_name":"depth_color_image_30nisan30_jpg.rf.4afd041af6f5698bce4c0c0d129bf10e.jpg","height":424,"width":512,"date_captured":"2024-06-02T23:38:05+00:00"},{"id":25,"license":1,"file_name":"depth_color_image_30nisan3_jpg.rf.c1f70cc05c77201837c45a63ab3e50c0.jpg","height":424,"width":512,"date_captured":"2024-06-02T23:38:05+00:00"},{"id":26,"license":1,"file_name":"depth_color_image_30nisan13_jpg.rf.b5acd736dcd7626c2da371e83c507add.jpg","height":424,"width":512,"date_captured":"2024-06-02T23:38:05+00:00"},{"id":27,"license":1,"file_name":"depth_color_image_30nisan67_jpg.rf.b15524deb7abe7e22265f8a094c5856c.jpg","height":424,"width":512,"date_captured":"2024-06-02T23:38:05+00:00"},{"id":28,"license":1,"file_name":"depth_color_image_30nisan18_jpg.rf.8b538e456b5b722b03e9c1e82de12209.jpg","height":424,"width":512,"date_captured":"2024-06-02T23:38:05+00:00"},{"id":29,"license":1,"file_name":"depth_color_image_30nisan26_jpg.rf.be6a204da1e61836ca3e0486c75e930f.jpg","height":424,"width":512,"date_captured":"2024-06-02T23:38:05+00:00"},{"id":30,"license":1,"file_name":"depth_color_image_30nisan45_jpg.rf.ccbe5cb7a1833d5d53cdada45551b486.jpg","height":424,"width":512,"date_captured":"2024-06-02T23:38:05+00:00"},{"id":31,"license":1,"file_name":"depth_color_image_30nisan48_jpg.rf.f444cd325f027521e456657f883b1e49.jpg","height":424,"width":512,"date_captured":"2024-06-02T23:38:05+00:00"},{"id":32,"license":1,"file_name":"depth_color_image_30nisan54_jpg.rf.c4d0d07c2d0274aa8ee011a935763858.jpg","height":424,"width":512,"date_captured":"2024-06-02T23:38:05+00:00"},{"id":33,"license":1,"file_name":"depth_color_image_30nisan60_jpg.rf.e216186f37e0799f3b88fe8adc3074d6.jpg","height":424,"width":512,"date_captured":"2024-06-02T23:38:05+00:00"},{"id":34,"license":1,"file_name":"depth_color_image_30nisan64_jpg.rf.caa62864f93c4268d1f4fa1f4f75df29.jpg","height":424,"width":512,"date_captured":"2024-06-02T23:38:05+00:00"},{"id":35,"license":1,"file_name":"depth_color_image_30nisan41_jpg.rf.dd6efd2c753d7a108bf4d4386256768f.jpg","height":424,"width":512,"date_captured":"2024-06-02T23:38:05+00:00"},{"id":36,"license":1,"file_name":"depth_color_image_30nisan12_jpg.rf.bae4ef9681cef795f82bb244a5970ac6.jpg","height":424,"width":512,"date_captured":"2024-06-02T23:38:05+00:00"},{"id":37,"license":1,"file_name":"depth_color_image_30nisan17_jpg.rf.f4adaa28ef3f0f3e85391f2da5119e90.jpg","height":424,"width":512,"date_captured":"2024-06-02T23:38:05+00:00"},{"id":38,"license":1,"file_name":"depth_color_image_30nisan2_jpg.rf.cead5913484ca1a5e76792191db17527.jpg","height":424,"width":512,"date_captured":"2024-06-02T23:38:05+00:00"},{"id":39,"license":1,"file_name":"depth_color_image_30nisan4_jpg.rf.cd529ff049c91372ff575ea5737a51b5.jpg","height":424,"width":512,"date_captured":"2024-06-02T23:38:05+00:00"},{"id":40,"license":1,"file_name":"depth_color_image_30nisan37_jpg.rf.b02b1efccb4a910034c1f9b979425a89.jpg","height":424,"width":512,"date_captured":"2024-06-02T23:38:05+00:00"},{"id":41,"license":1,"file_name":"depth_color_image_30nisan59_jpg.rf.f80f6280bcc09f1bf0ca40c0baaf11a1.jpg","height":424,"width":512,"date_captured":"2024-06-02T23:38:05+00:00"},{"id":42,"license":1,"file_name":"depth_color_image_30nisan44_jpg.rf.c30fcd5d242af38f5080d9ef861cb732.jpg","height":424,"width":512,"date_captured":"2024-06-02T23:38:05+00:00"}],"annotations":[{"id":0,"image_id":0,"category_id":1,"bbox":[201,173,8.2,8.9],"area":72.98,"segmentation":[[201,178.6,201.8,180.3,203.3,182.2,205.9,181.1,208.3,179.3,209.2,176.9,207.7,173.3,204.9,173.5,203.5,174.1,203.4,174,203.2,173.9,202,176.2,201,178.6]],"iscrowd":0},{"id":1,"image_id":0,"category_id":1,"bbox":[214,168,9.9,7.7],"area":76.23,"segmentation":[[214.4,171.1,216.7,172.5,219.7,174.1,220.9,175.2,223,171.5,224.2,169.2,223.5,167.9,220.3,167.9,218.5,167.7,216.9,167.5,214.3,168.9,214.4,171.1]],"iscrowd":0},{"id":2,"image_id":0,"category_id":1,"bbox":[263,165,14.3,11.3],"area":161.59,"segmentation":[[263.4,171.6,265.4,174.4,269.6,176.1,273.5,175.5,276.9,174.2,277.7,171.8,275.5,168.2,271.3,167.1,268.7,165.6,266.9,165,266.3,164.8,263.6,167.8,263.4,171.6]],"iscrowd":0},{"id":3,"image_id":0,"category_id":1,"bbox":[273,154,10.9,12.1],"area":131.89,"segmentation":[[274.05,156.9,273.4,158.5,273.6,161.8,275.3,164.4,279.3,165.6,281.6,164.9,282.95,162.8,283.7,161,284.3,158.3,284.3,155.7,283.4,155.1,280.1,154.5,279.1,154.2,277.6,153.5,275.6,155.1,274.05,156.9]],"iscrowd":0},{"id":4,"image_id":0,"category_id":1,"bbox":[369,156,9.1,10.8],"area":98.28,"segmentation":[[369.3,159.9,369.5,162.9,372.1,166.2,375.7,167,377.3,166,378.2,164.2,378.4,162.5,377.7,159.8,376.3,158.3,373.9,156.8,373.2,156.5,372.4,156.2,370.5,157.4,369.3,159.9]],"iscrowd":0},{"id":5,"image_id":0,"category_id":1,"bbox":[356,161,12.7,12.3],"area":156.21,"segmentation":[[356.2,165.8,355.5,167.6,356.2,170.3,360.5,173,363.4,173.6,366.5,173.3,368.2,170.9,368.2,167,366.3,164.5,363.4,162.5,361,162.4,359.5,161.3,357.4,164,356.2,165.8]],"iscrowd":0},{"id":6,"image_id":1,"category_id":1,"bbox":[278,59,13.085,11.502],"area":150.498,"segmentation":[[278.577,62.047,277.522,65.212,279.316,66.162,281.532,68.273,283.959,70.277,287.336,70.066,289.129,68.167,289.763,65.001,290.607,62.785,289.974,60.042,287.652,58.776,283.959,58.776,283.326,59.198,282.271,60.042,281.11,60.358,281.954,59.725,280.16,60.464,278.577,62.047]],"iscrowd":0},{"id":7,"image_id":1,"category_id":1,"bbox":[295,56,10.236,9.919],"area":101.527,"segmentation":[[295.25,56.665,294.722,60.147,294.828,62.363,297.36,65.212,300.209,66.162,303.058,65.74,304.325,64.474,304.852,62.258,304.958,60.675,304.852,59.303,303.797,58.142,302.953,57.72,301.264,56.243,298.099,56.243,295.25,56.665]],"iscrowd":0},{"id":8,"image_id":1,"category_id":1,"bbox":[337,57,12.3,10.3],"area":126.69,"segmentation":[[337.7,59.6,336.6,61.2,337,63.2,337.5,65.3,339.7,66.8,342.9,67.1,345.1,66.7,347.8,65.6,348.9,62.5,348,59.8,345.9,57.5,342.8,56.8,341.1,56.9,340.1,57.3,339,57.9,337.7,59.6]],"iscrowd":0},{"id":9,"image_id":1,"category_id":1,"bbox":[351,53,9.4,10.8],"area":101.52,"segmentation":[[352.8,53.4,351.75,55.3,351.6,56.6,351.3,58.5,351.6,61.8,353.5,63.3,356.4,63.4,358.2,62.5,360.6,60.1,360.7,58.1,359.9,55.6,358.2,54.2,357.3,53.6,357.3,53.3,354.8,52.6,352.8,53.4]],"iscrowd":0},{"id":10,"image_id":1,"category_id":1,"bbox":[459,127,13,10.2],"area":132.6,"segmentation":[[459,131.8,460,134.6,461.7,136.4,466.3,137.1,467.8,136.9,470.4,136,472,133.6,471.3,129.1,468.8,127.2,465.5,126.9,462.3,127.7,462.3,128.8,459.5,130.4,459,131.8]],"iscrowd":0},{"id":11,"image_id":1,"category_id":1,"bbox":[476,126,10,9.6],"area":96,"segmentation":[[476,129.8,477,132.7,478.9,135.5,481.5,135.9,484.8,134.2,485.8,132.6,486,130.2,485.1,128.5,484.1,127.8,482.4,126.3,482.3,126.4,477.3,128.2,476,129.8]],"iscrowd":0},{"id":12,"image_id":2,"category_id":1,"bbox":[217,211,13.352,8.412],"area":112.311,"segmentation":[[216.968,214.765,217.101,216.434,218.57,218.036,220.573,219.104,225.112,218.971,227.916,218.303,229.786,217.502,230.32,215.766,229.385,214.164,226.982,211.493,224.578,210.959,222.442,210.826,220.573,210.692,217.769,212.695,216.968,214.765]],"iscrowd":0},{"id":13,"image_id":2,"category_id":1,"bbox":[229,201,9.7,7.847],"area":76.114,"segmentation":[[230.9,208.1,233,209,236.1,208.6,238.7,207.5,239,205,237.5,202.7,236.2,202,235.1,201.4,234.853,201.153,231.1,201.6,230,202.2,229.3,204.2,230.9,208.1]],"iscrowd":0},{"id":14,"image_id":2,"category_id":1,"bbox":[239,171,12.904,10.251],"area":132.28,"segmentation":[[243.25,181.261,247.23,181.261,248.918,180.176,251.451,177.523,251.571,175.352,250.606,173.181,249.159,171.734,246.265,171.493,244.094,171.01,242.044,171.131,239.504,172.084,238.667,173.422,238.908,176.679,240.717,179.091,243.25,181.261]],"iscrowd":0},{"id":15,"image_id":2,"category_id":1,"bbox":[253,162,12.06,13.507],"area":162.896,"segmentation":[[253.742,164.438,252.898,167.272,253.621,171.131,255.792,173.784,258.687,175.111,260.978,174.749,263.39,173.181,264.475,171.493,264.958,168.237,263.993,166.428,261.822,164.136,260.496,163.533,258.566,164.619,260.496,167.151,261.34,168.719,261.46,171.855,256.395,171.131,256.154,169.684,256.275,167.513,256.275,166.066,256.516,164.98,258.687,161.604,255.31,162.568,253.742,164.438]],"iscrowd":0},{"id":16,"image_id":2,"category_id":1,"bbox":[419,157,18.452,14.411],"area":265.918,"segmentation":[[419.411,164.317,419.411,165.529,431.264,171.186,435.574,169.435,437.729,166.337,437.863,162.296,435.574,158.66,431.937,157.044,429.782,156.774,428.435,157.582,434.362,161.488,433.823,164.047,432.341,166.472,427.897,166.606,425.472,164.99,425.338,162.7,425.338,160.68,424.26,158.929,420.489,161.892,419.411,164.317]],"iscrowd":0},{"id":17,"image_id":2,"category_id":1,"bbox":[440,143,15.758,13.603],"area":214.363,"segmentation":[[440.827,146.942,439.614,151.117,440.557,153.407,444.059,156.37,446.079,156.37,449.042,156.101,453.487,152.868,455.373,150.175,455.373,145.999,454.16,143.575,451.197,142.767,449.581,144.248,441.231,146.134,440.827,146.942]],"iscrowd":0},{"id":18,"image_id":3,"category_id":1,"bbox":[260,228,6.804,8.088],"area":55.034,"segmentation":[[259.848,231.989,262.544,235.07,265.24,235.712,266.652,233.786,266.267,230.576,264.598,227.88,263.443,227.88,261.902,227.624,259.976,229.934,259.848,231.989]],"iscrowd":0},{"id":19,"image_id":3,"category_id":1,"bbox":[272,222,8.217,8.088],"area":66.457,"segmentation":[[271.916,223.002,271.531,226.468,273.328,228.522,276.666,229.934,279.747,228.009,279.362,225.569,278.078,223.772,277.308,222.231,273.585,221.846,271.916,223.002]],"iscrowd":0},{"id":20,"image_id":3,"category_id":1,"bbox":[285,252,4.32,2.8],"area":12.096,"segmentation":[[285.6,252.4,285.2,253.2,285.55,254.5,286.7,254.8,289.1,253,289.52,252.4,289.2,252.4,288,252.2,286.5,252,285.6,252.4]],"iscrowd":0},{"id":21,"image_id":3,"category_id":1,"bbox":[285,242,4.1,5.3],"area":21.73,"segmentation":[[285.2,244.2,285.1,245.5,285.9,246.7,287.4,247.6,288.35,247.7,289.2,246.5,289.2,245.1,289,244.1,288.2,243.5,287.5,243.2,286.7,242.4,285.5,243.1,285.2,244.2]],"iscrowd":0},{"id":22,"image_id":3,"category_id":1,"bbox":[307,60,7,8.6],"area":60.2,"segmentation":[[307.1,63.9,308.7,66.6,311.3,68.1,313.5,67.6,314.1,65.3,312.7,61.6,309.1,59.5,308.2,59.6,307.1,61.4,307.1,63.9]],"iscrowd":0},{"id":23,"image_id":3,"category_id":1,"bbox":[324,276,15.099,13.822],"area":208.693,"segmentation":[[327.593,288.103,330.555,290.136,335.549,290.019,338.801,286.767,337.872,281.308,334.388,277.708,329.393,276.314,326.257,277.127,324.631,277.127,324.515,277.127,323.702,283.051,324.98,285.257,327.593,288.103]],"iscrowd":0},{"id":24,"image_id":3,"category_id":1,"bbox":[339,268,18.7,16.493],"area":308.412,"segmentation":[[338.569,272.017,339.266,274.34,341.821,277.824,343.215,276.082,343.331,273.991,344.26,272.597,346.583,272.133,348.79,272.714,350.416,274.688,349.022,279.334,347.164,282.354,347.164,283.747,351.229,284.328,355.991,280.612,357.152,277.011,357.269,272.133,354.83,270.158,351.461,268.648,346.932,268.3,343.679,268.3,342.75,268.3,341.589,267.835,339.208,269.519,338.569,272.017]],"iscrowd":0},{"id":25,"image_id":4,"category_id":1,"bbox":[270,146,8.02,14.14],"area":113.397,"segmentation":[[273.196,152.69,270.874,156.805,269.925,159.232,272.352,159.865,275.201,158.81,277.417,155.961,277.944,152.584,277.628,147.73,276.994,146.781,275.306,146.253,275.095,145.725,273.723,148.891,273.196,152.69]],"iscrowd":0},{"id":26,"image_id":4,"category_id":1,"bbox":[283,146,10.025,8.758],"area":87.798,"segmentation":[[282.904,149.419,283.115,151.107,284.064,153.64,285.647,154.8,288.074,154.695,291.029,152.901,292.559,151.213,292.928,150.052,292.823,148.364,291.451,146.886,289.341,146.464,288.391,146.464,288.813,146.253,289.552,146.042,286.544,146.042,282.904,149.419]],"iscrowd":0},{"id":27,"image_id":4,"category_id":1,"bbox":[337,149,13.5,13.6],"area":183.6,"segmentation":[[337.7,154,337.2,156.6,337.8,159.1,339.3,160.9,341.8,162,345.3,163,348,162.6,350.1,160.4,350.7,158.4,350.3,153.9,349.5,152.6,346.7,150.2,344.4,149.4,342.3,150.3,342,152.1,344.4,153.1,346,153.7,347.2,155.1,347.8,156.9,344.7,159.6,341.6,158.4,340.8,155.4,340.8,153.6,340.8,151.8,340.1,149.7,338.4,151.9,337.7,154]],"iscrowd":0},{"id":28,"image_id":4,"category_id":1,"bbox":[352,145,8.3,8.9],"area":73.87,"segmentation":[[351.5,147.7,351.9,149.8,352.5,152.2,353.1,153.7,354.9,154.2,356.2,154.2,357.9,153.8,359.3,152.6,359.8,150.5,359.6,148.8,359.1,147.6,358.7,146.7,357.5,145.7,356.7,145.5,354.2,145.3,352.8,146.7,351.5,147.7]],"iscrowd":0},{"id":29,"image_id":4,"category_id":1,"bbox":[428,193,12.3,9.059],"area":111.43,"segmentation":[[433.2,202.4,436.5,202.5,439.2,201,440.6,198.6,439.6,195.6,438.2,194.2,434.8,193.8,432.1,193.5,431.863,193.441,429.4,194.9,428.3,197.9,429.3,200.5,433.2,202.4]],"iscrowd":0},{"id":30,"image_id":4,"category_id":1,"bbox":[441,190,7.3,8],"area":58.4,"segmentation":[[441.4,192.8,441.6,196.1,443.1,197.9,445.4,198.2,447.4,198,448.7,195.7,448.7,193.2,447.4,191.5,445.7,190.5,446,190.2,443.2,190.6,441.4,192.8]],"iscrowd":0},{"id":31,"image_id":5,"category_id":1,"bbox":[8,252,12.838,10.784],"area":138.451,"segmentation":[[8.345,258.436,8.345,260.361,11.169,261.902,14.507,263.057,17.974,263.057,19.707,261.517,21.183,258.821,20.67,256.767,19.899,254.456,17.589,253.043,13.737,252.273,11.683,252.273,10.656,252.402,8.73,255.354,8.345,258.436]],"iscrowd":0},{"id":32,"image_id":5,"category_id":1,"bbox":[20,243,12.71,9.372],"area":119.117,"segmentation":[[20.541,246.624,20.413,251.246,24.521,252.273,28.116,252.658,30.812,251.503,32.738,249.192,33.123,246.496,32.866,244.57,30.298,243.286,28.244,243.543,25.677,243.8,26.832,243.415,22.467,244.313,20.541,246.624]],"iscrowd":0},{"id":33,"image_id":5,"category_id":1,"bbox":[20,213,13.865,15.791],"area":218.95,"segmentation":[[20.028,220.691,21.44,223.13,23.366,226.211,26.062,228.779,29.528,227.495,31.839,225.955,33.38,222.873,33.765,220.691,33.636,218.637,33.251,216.839,31.069,214.143,27.474,212.988,24.521,214.143,23.237,214.914,22.595,215.299,19.899,219.15,20.028,220.691]],"iscrowd":0},{"id":34,"image_id":5,"category_id":1,"bbox":[39,206,16.305,18.487],"area":301.428,"segmentation":[[39.542,210.42,39.029,214.272,40.826,218.508,44.549,223.13,48.914,224.157,51.61,223.259,53.407,220.691,55.076,217.481,55.333,214.528,54.178,211.319,52.252,208.238,49.428,206.44,47.245,205.67,45.191,206.312,41.211,208.623,39.542,210.42]],"iscrowd":0},{"id":35,"image_id":5,"category_id":1,"bbox":[98,45,7.1,7.3],"area":51.83,"segmentation":[[97.7,51.1,99.5,52.6,103,52,104.8,49.9,104.4,47.1,103.3,45.3,101.1,45.4,100.3,45.7,99.3,45.8,97.8,47.5,97.7,51.1]],"iscrowd":0},{"id":36,"image_id":5,"category_id":1,"bbox":[194,242,18.435,14.204],"area":261.841,"segmentation":[[195.024,245.997,194.017,248.011,193.513,249.724,194.42,251.336,195.327,252.645,197.442,254.459,199.86,255.97,202.983,256.373,207.213,255.466,209.329,254.056,210.437,252.746,211.444,250.429,211.948,246.4,210.437,244.284,208.221,242.773,206.105,242.27,205.602,242.975,207.717,247.105,208.12,248.616,207.616,252.041,204.594,253.854,200.766,252.847,199.255,250.631,200.867,247.709,202.378,246.4,203.486,244.989,203.587,243.781,203.587,242.773,203.083,242.572,200.968,242.169,197.039,243.781,195.024,245.997]],"iscrowd":0},{"id":37,"image_id":5,"category_id":1,"bbox":[214,232,16.218,15.413],"area":249.968,"segmentation":[[215.373,236.024,214.366,239.046,215.071,242.37,216.683,244.989,217.891,245.896,219.302,246.803,222.022,247.709,224.842,246.803,227.21,245.493,230.483,242.874,230.584,239.852,230.483,236.225,228.972,233.103,225.85,232.498,223.23,233.002,223.633,235.621,226.857,238.643,227.864,240.758,227.663,243.176,223.734,244.486,219.604,244.385,218.597,242.471,219.302,238.844,220.511,235.52,220.914,234.614,221.216,232.901,221.417,232.297,217.086,233.908,215.373,236.024]],"iscrowd":0},{"id":38,"image_id":6,"category_id":1,"bbox":[105,207,14.495,13.011],"area":188.593,"segmentation":[[105.686,211.715,105.002,213.884,106.6,216.281,109.225,218.335,112.42,219.59,115.388,220.275,117.899,218.792,118.926,216.851,119.496,214.683,119.496,211.601,118.812,209.889,117.442,208.406,115.045,207.264,112.991,207.721,112.649,209.09,114.475,211.373,116.187,212.743,116.757,215.139,115.274,216.509,112.306,216.623,110.594,215.368,110.138,213.656,110.708,211.944,110.937,211.031,110.594,210.688,109.225,210.003,107.855,210.118,105.686,211.715]],"iscrowd":0},{"id":39,"image_id":7,"category_id":1,"bbox":[260,200,15.35,11.3],"area":173.455,"segmentation":[[260.4,204.4,262.8,208.5,266,211,270.2,210.9,273.3,209.9,275.75,207.2,275.55,205.4,274,202.2,271.4,201,266.9,199.7,265,199.7,264.1,199.9,261.1,202.6,260.4,204.4]],"iscrowd":0},{"id":40,"image_id":7,"category_id":1,"bbox":[275,193,14.1,10.8],"area":152.28,"segmentation":[[276.2,195.6,275.3,199.9,277.4,202.05,280.8,203.4,284.6,204,286.8,202.8,288.8,200.3,289.4,197.6,288.7,195.8,286.9,194.6,284.9,194.7,282.5,193.2,278,194.2,276.2,195.6]],"iscrowd":0},{"id":41,"image_id":7,"category_id":1,"bbox":[321,181,14.3,13.9],"area":198.77,"segmentation":[[320.7,185.9,320.9,188.5,323,191.3,327.2,194,329.2,195.2,333.2,194.1,335,191.1,334.5,188.4,332.5,185.1,330,182.4,326.4,181.9,324.6,181.3,321.4,184.3,320.7,185.9]],"iscrowd":0},{"id":42,"image_id":7,"category_id":1,"bbox":[333,175,14.6,11.6],"area":169.36,"segmentation":[[332.9,177,332.8,179.6,334.3,182.6,336.1,184.7,338.4,186.35,343.5,186.8,345.4,185.2,346.9,182.8,347.4,181.6,347.1,178.1,345.9,176.5,344.4,175.7,342.9,175.6,341.7,175.7,341.5,176.9,343.3,178.1,344.5,179.9,343.2,181.8,341.9,182.6,340.4,181.7,339.3,179.2,339.3,177.5,339.3,177.1,338.9,175.9,338.6,175.2,334.4,175.8,332.9,177]],"iscrowd":0},{"id":43,"image_id":7,"category_id":1,"bbox":[490,207,14.45,12.4],"area":179.18,"segmentation":[[490.5,213.9,490.1,215.1,492.8,218.1,495.7,219.3,499.25,219.1,502.9,217.5,504.4,214.8,504.55,210.2,502.9,208.8,499.6,207.5,497.8,206.9,497.2,207,492.75,210.1,490.5,213.9]],"iscrowd":0},{"id":44,"image_id":7,"category_id":1,"bbox":[509,199,2.2,15.8],"area":34.76,"segmentation":[[509.7,202.5,509.4,204,509.1,206.4,508.9,208.9,508.9,212.4,509.6,214.5,510.5,213.8,511.1,211.5,511.1,208.8,511.1,206.7,511,203.4,510.6,201.9,510.4,200.3,509.8,198.7,509.8,200.2,509.7,202.5]],"iscrowd":0},{"id":45,"image_id":8,"category_id":1,"bbox":[296,286,11.268,9.551],"area":107.616,"segmentation":[[295.537,291.674,297.147,293.284,300.044,294.357,303.586,295.108,306.59,293.928,306.805,290.923,303.156,288.455,299.615,287.382,297.362,286.201,297.684,285.557,295.859,288.133,295.537,291.674]],"iscrowd":0},{"id":46,"image_id":8,"category_id":1,"bbox":[307,279,7.834,8.907],"area":69.775,"segmentation":[[309.917,279.548,307.771,280.728,306.698,283.411,307.127,285.021,308.522,287.489,310.99,288.24,313.351,288.347,314.21,287.06,314.532,284.484,314.532,283.304,314.102,281.372,313.137,279.441,311.956,279.441,309.917,279.548]],"iscrowd":0},{"id":47,"image_id":8,"category_id":1,"bbox":[324,306,2.7,4],"area":10.8,"segmentation":[[324.3,308.2,324.1,309.4,325.2,310.4,325.9,310.3,326.8,309.6,326.7,307.5,326.3,306.6,325.5,306.4,325.1,307.1,324.3,308.2]],"iscrowd":0},{"id":48,"image_id":8,"category_id":1,"bbox":[322,297,5.2,6.1],"area":31.72,"segmentation":[[322.1,298.1,322.1,299.2,322.3,299.6,322.9,301.1,324.6,302.5,326.7,303.2,327.3,302.8,326.9,300,326.6,299.5,323.7,298.2,323.7,297.1,322.8,297.1,322.1,298.1]],"iscrowd":0},{"id":49,"image_id":8,"category_id":1,"bbox":[321,120,5.5,6.9],"area":37.95,"segmentation":[[320.7,121.3,321.1,123.2,321.7,125.2,323.5,126.4,325.4,126.1,326.2,124.2,325.5,122.5,324.9,121.3,324,119.5,322,119.9,320.7,121.3]],"iscrowd":0},{"id":50,"image_id":8,"category_id":1,"bbox":[369,338,13.607,13.607],"area":185.139,"segmentation":[[369.379,348.035,372.58,350.703,377.916,352.037,382.585,350.17,382.052,344.567,378.984,339.898,370.579,338.431,368.979,342.833,369.379,348.035]],"iscrowd":0},{"id":51,"image_id":8,"category_id":1,"bbox":[383,327,3.4,6.6],"area":22.44,"segmentation":[[385.3,333.3,386.6,331.2,386.3,328.4,386.3,326.9,385.7,326.8,384.2,327.7,383.2,330.2,383.5,332.3,385,333.4,385.3,333.3]],"iscrowd":0},{"id":52,"image_id":9,"category_id":1,"bbox":[169,206,8.411,7.022],"area":59.056,"segmentation":[[168.576,207.598,168.576,209.194,169.215,210.577,170.28,212.226,173.527,213.024,175.496,212.705,176.987,211.109,176.561,208.13,174.538,206.641,171.664,206.002,170.493,206.428,168.896,206.747,168.576,207.598]],"iscrowd":0},{"id":53,"image_id":9,"category_id":1,"bbox":[184,207,7.878,3.511],"area":27.659,"segmentation":[[185.717,206.853,183.694,207.492,183.801,208.875,185.717,210.045,188.698,210.364,190.827,209.407,191.572,208.13,191.04,207.811,189.443,207.173,187.154,207.066,185.717,206.853]],"iscrowd":0},{"id":54,"image_id":9,"category_id":1,"bbox":[174,91,16.264,17.948],"area":291.909,"segmentation":[[174.488,101.12,175.286,103.414,176.983,105.807,178.28,107.003,180.575,108.499,182.97,108.997,185.664,108.399,188.757,106.505,190.254,103.613,190.753,100.522,190.653,96.733,190.353,95.537,189.256,94.938,188.557,94.24,187.061,91.648,186.462,91.05,185.065,91.648,185.464,95.237,186.861,97.032,188.058,98.528,188.458,100.024,188.458,101.32,188.058,103.115,187.46,104.012,185.963,105.508,183.169,106.006,180.874,105.906,178.18,103.912,177.282,100.223,177.182,97.032,176.584,96.035,175.681,95.365,174.488,99.226,174.488,101.12]],"iscrowd":0},{"id":55,"image_id":9,"category_id":1,"bbox":[331,260,12.315,9.124],"area":112.364,"segmentation":[[331.077,265.485,332.88,268.006,336.123,268.727,337.926,268.967,340.929,268.126,343.032,265.245,342.851,260.923,341.41,259.842,337.805,260.323,334.922,260.563,332.88,260.443,332.399,260.443,330.717,262.124,331.077,265.485]],"iscrowd":0},{"id":56,"image_id":9,"category_id":1,"bbox":[348,257,11.534,11.766],"area":135.702,"segmentation":[[347.657,261.763,348.378,265.365,349.58,266.806,353.785,268.367,356.428,268.126,358.23,266.806,359.191,263.924,359.191,260.323,356.668,257.681,354.746,256.601,353.424,256.601,353.894,256.966,350.781,257.081,348.739,259.002,347.657,261.763]],"iscrowd":0},{"id":57,"image_id":10,"category_id":1,"bbox":[261,80,13.9,12.1],"area":168.19,"segmentation":[[261.1,84.9,261.8,86.7,264.5,90,267.5,92.1,271.6,91.8,274.7,89.3,275,87.3,274.5,84.2,273,82.4,269.5,81,266.7,80,265.2,80,262.3,81,261.3,82.6,261.1,84.9]],"iscrowd":0},{"id":58,"image_id":10,"category_id":1,"bbox":[277,76,12,8.5],"area":102,"segmentation":[[276.9,77.7,276.5,79.5,277.9,81.6,280.1,83.8,283,84.7,285.7,84.6,288.2,83,288.5,81,286.6,77.9,283.6,77.3,282.7,76.2,282.9,76.6,279.4,77.4,276.9,77.7]],"iscrowd":0},{"id":59,"image_id":10,"category_id":1,"bbox":[318,60,11.5,9.5],"area":109.25,"segmentation":[[318.3,63.8,318.7,66.1,321.7,67.9,324.2,69.5,326.6,69.6,328.6,67.8,329.8,64.3,328.9,61.3,326.5,60.1,323.4,60.1,321.9,60.1,321.6,60.1,319,61.4,318.3,63.8]],"iscrowd":0},{"id":60,"image_id":10,"category_id":1,"bbox":[332,59,13,10.9],"area":141.7,"segmentation":[[334,59.9,332.2,63.7,331.5,66.4,335.3,68.8,338.3,69.4,341.9,68.4,344,66.7,344.5,63.3,343.9,60.7,342.7,58.9,339.9,58.9,338.8,58.5,336.6,58.9,334,59.9]],"iscrowd":0},{"id":61,"image_id":10,"category_id":1,"bbox":[458,119,12.4,11.3],"area":140.12,"segmentation":[[458.2,123.8,457.6,126.5,459.8,129,461.8,130,466.6,128.9,469,127.4,470,124.6,469,120.7,465.7,118.9,463.2,118.7,460.9,119.1,460.6,119.6,459.4,120.9,458.2,123.8]],"iscrowd":0},{"id":62,"image_id":10,"category_id":1,"bbox":[476,117,10.9,9.7],"area":105.73,"segmentation":[[476.7,121.4,475.5,125.1,476.5,126.3,480.1,125.9,483.1,124.6,486.4,121.9,485.8,119.9,484.9,117.5,482.8,116.6,481.3,117.5,479.7,117.5,478.5,118.5,476.7,121.4]],"iscrowd":0},{"id":63,"image_id":11,"category_id":1,"bbox":[197,195,13.5,11.3],"area":152.55,"segmentation":[[197.1,199.3,196.6,200.5,197.3,203.1,198.5,204.7,200,205.3,202.4,206.2,204.5,206.4,207.2,206.3,209.6,205.1,210.1,202.2,209.5,200.7,207,198.9,205,197.4,202.6,195.9,201.7,195.3,200.5,195.1,198.9,196.6,197.1,199.3]],"iscrowd":0},{"id":64,"image_id":11,"category_id":1,"bbox":[210,193,11.4,8.1],"area":92.34,"segmentation":[[212.1,193.3,210.5,194.4,210,195.4,210.7,197.75,213,199.6,215.1,200.8,217.3,200.9,220.5,199.4,221.2,198.2,221.4,195.6,221,194.3,219,193.2,217.2,193.2,217.5,193.1,214.95,192.8,212.1,193.3]],"iscrowd":0},{"id":65,"image_id":11,"category_id":1,"bbox":[227,182,12.5,10.8],"area":135,"segmentation":[[227.5,186.2,228.3,188.6,230.7,190.7,233.2,192.4,236.4,192.9,238.9,191.8,239.8,189.7,238.5,187.2,236.4,185.4,234.5,184,231.5,182.7,229.4,182.1,230.3,182.8,227.3,185,227.5,186.2]],"iscrowd":0},{"id":66,"image_id":11,"category_id":1,"bbox":[242,177,12.6,10.8],"area":136.08,"segmentation":[[241.6,181,242,182.5,243.7,184.8,245.25,187.2,248,187.9,251,187.4,253.3,186.3,254.2,183.9,253.5,180.2,252.7,179,251.5,178.1,250.6,177.2,249.6,177.1,249.2,179.2,250.6,180.9,251.3,182.4,250.5,184.2,248.7,184.3,247.3,184.1,246.9,182.9,246.7,181.8,247.3,181.2,247.6,180.9,247.3,180.2,246.4,178.8,245.7,178.4,244.6,177.6,242.8,178.6,241.6,181]],"iscrowd":0},{"id":67,"image_id":11,"category_id":1,"bbox":[402,225,12.434,12.009],"area":149.32,"segmentation":[[401.502,231.996,402.14,233.165,405.009,235.503,408.304,236.566,412.024,235.715,413.724,234.015,413.936,229.87,412.874,226.788,410.429,224.769,407.454,224.557,406.497,224.663,405.647,225.3,404.903,225.726,402.034,228.064,401.502,231.996]],"iscrowd":0},{"id":68,"image_id":11,"category_id":1,"bbox":[423,219,12.009,10.627],"area":127.624,"segmentation":[[423.501,224.875,423.289,227.745,428.496,229.233,432.96,227.957,435.191,224.769,435.298,221.581,433.491,219.668,429.665,218.605,427.114,219.349,426.052,220.093,425.414,220.943,423.82,222.644,423.501,224.875]],"iscrowd":0},{"id":69,"image_id":12,"category_id":1,"bbox":[74,192,15.294,9.93],"area":151.859,"segmentation":[[74.3,197.791,76.126,199.96,78.98,201.672,82.404,202.242,86.741,200.53,88.795,199.503,89.594,195.28,87.996,192.313,83.887,192.313,81.947,192.427,79.094,192.884,75.67,195.166,74.3,197.791]],"iscrowd":0},{"id":70,"image_id":12,"category_id":1,"bbox":[89,183,10.957,11.413],"area":125.051,"segmentation":[[89.651,186.036,89.137,188.204,89.594,190.03,91.306,192.313,92.904,193.682,94.387,194.824,98.496,194.596,100.094,191.97,99.752,188.547,98.268,185.807,96.556,183.981,95.871,183.411,91.762,184.209,89.651,186.036]],"iscrowd":0},{"id":71,"image_id":12,"category_id":1,"bbox":[102,170,13.011,14.609],"area":190.078,"segmentation":[[101.92,177.476,102.719,180.9,106.257,183.639,110.138,185.008,113.676,184.324,114.817,180.786,114.931,177.704,113.219,174.28,110.138,170.97,108.197,170.399,107.398,173.025,109.567,175.764,111.393,176.791,112.649,177.932,112.534,179.644,112.192,181.014,110.138,181.47,107.741,179.872,106.828,177.476,106.143,175.992,105.344,174.394,104.659,171.655,102.263,173.823,101.92,177.476]],"iscrowd":0},{"id":72,"image_id":12,"category_id":1,"bbox":[121,166,12.212,10.101],"area":123.351,"segmentation":[[120.524,170.171,120.524,172.226,121.208,174.28,123.948,175.992,126.002,176.334,127.942,176.506,130.225,175.992,132.165,175.193,132.622,172.91,132.736,170.856,130.796,168.688,129.312,166.747,128.285,166.405,126.915,167.889,128.399,170.171,130.111,171.997,129.654,173.938,126.687,174.737,124.518,173.481,123.948,172.796,124.062,170.171,124.404,168.345,123.834,166.405,121.437,167.774,120.524,170.171]],"iscrowd":0},{"id":73,"image_id":12,"category_id":1,"bbox":[287,210,12.095,9.896],"area":119.69,"segmentation":[[286.98,214.332,287.766,219.673,292.007,219.751,295.149,218.495,297.191,216.924,297.976,215.196,299.075,212.369,297.505,210.484,294.049,209.855,290.279,210.484,289.022,210.17,287.452,212.369,286.98,214.332]],"iscrowd":0},{"id":74,"image_id":12,"category_id":1,"bbox":[305,203,11.467,9.425],"area":108.069,"segmentation":[[308.343,204.829,304.887,206.714,305.044,208.756,306.458,210.955,307.872,212.369,310.856,211.426,313.527,210.955,315.569,208.442,316.354,205.771,312.898,202.944,311.485,203.101,308.343,204.829]],"iscrowd":0},{"id":75,"image_id":13,"category_id":1,"bbox":[103,293,13.239,10.843],"area":143.548,"segmentation":[[102.605,299.483,103.176,301.88,106.143,303.249,110.024,303.592,113.105,302.907,115.159,301.537,115.844,298.342,114.703,295.374,112.306,293.548,108.54,292.978,106.371,292.978,104.089,292.749,102.719,296.516,102.605,299.483]],"iscrowd":0},{"id":76,"image_id":13,"category_id":1,"bbox":[115,284,10.728,10.614],"area":113.875,"segmentation":[[115.274,288.184,117.442,292.749,119.611,294.804,123.605,295.032,125.089,294.575,126.002,291.494,124.518,288.755,122.236,285.787,121.208,284.418,118.698,284.532,115.388,286.13,115.274,288.184]],"iscrowd":0},{"id":77,"image_id":13,"category_id":1,"bbox":[129,275,13.81,13.125],"area":181.259,"segmentation":[[129.768,279.966,129.426,282.363,130.567,284.76,133.877,286.814,137.073,287.842,140.04,287.385,142.437,285.102,143.236,281.907,142.779,278.939,141.067,275.858,137.301,274.716,133.763,274.831,131.823,275.287,130.681,277.341,129.768,279.966]],"iscrowd":0},{"id":78,"image_id":13,"category_id":1,"bbox":[144,265,14.5,12.7],"area":184.15,"segmentation":[[143.6,268.9,143.5,269.7,144,273,145.5,275.4,150.9,277.5,153.6,277.9,156.9,276.6,158,274.1,156.7,270,155.3,266.7,154,265.5,152,266.2,152.4,268.5,153.9,270.9,154.8,273.1,151.7,275.4,149.6,274.2,149.4,270.5,149.4,268.8,149.4,268.1,148.6,265.2,148.6,266,144.8,267.4,143.6,268.9]],"iscrowd":0},{"id":79,"image_id":13,"category_id":1,"bbox":[140,58,9.221,7.659],"area":70.625,"segmentation":[[141.271,59.729,140.193,61.524,140.552,63.559,142.468,64.636,144.624,65.474,147.139,64.995,148.815,64.516,149.294,62.123,149.414,60.328,148.456,59.49,146.54,58.772,145.462,57.815,143.067,58.652,141.271,59.729]],"iscrowd":0},{"id":80,"image_id":13,"category_id":1,"bbox":[316,284,13.925,13.486],"area":187.791,"segmentation":[[315.773,287.595,315.663,290.007,315.883,293.186,317.747,295.489,321.036,296.476,324.106,297.134,326.957,295.489,328.601,294.173,329.588,291.213,329.259,288.581,327.505,286.827,324.216,284.525,320.268,283.647,318.624,283.976,316.431,285.731,315.773,287.595]],"iscrowd":0},{"id":81,"image_id":13,"category_id":1,"bbox":[334,276,13.376,10.964],"area":146.664,"segmentation":[[334.522,279.81,333.974,283.099,336.167,285.402,338.908,286.608,344.171,285.84,346.473,283.538,347.131,281.016,347.35,277.069,345.377,275.972,342.636,275.643,340.991,276.411,340.924,277.608,339.346,277.398,335.728,278.494,334.522,279.81]],"iscrowd":0},{"id":82,"image_id":14,"category_id":1,"bbox":[171,215,14.1,10],"area":141,"segmentation":[[171.7,218.7,171.4,219.4,172.4,222.2,173.6,223.8,176.6,224.8,179.3,225.4,182.3,225.3,185,223.8,185.5,220.1,183.9,218.1,180.7,217.4,178.5,216.8,177.4,216.5,175.6,215.4,173.85,216.2,171.7,218.7]],"iscrowd":0},{"id":83,"image_id":14,"category_id":1,"bbox":[188,213,11,6.15],"area":67.65,"segmentation":[[194.5,213.45,192.7,213.6,190.9,213.9,189.4,214.7,188.3,216,188.1,216.8,188.35,217.2,193.3,219.6,195.6,219.1,197.4,217.9,199,215.8,199.1,214.9,198.7,214.3,197,214.1,194.5,213.45]],"iscrowd":0},{"id":84,"image_id":14,"category_id":1,"bbox":[327,248,16.054,17.799],"area":285.745,"segmentation":[[327.711,251.396,327.362,254.072,327.478,257.562,328.409,259.772,329.921,261.983,333.76,265.356,336.901,265.589,340.508,264.193,342.369,262.448,343.067,259.191,343.416,255.352,342.718,253.258,340.275,250.466,337.134,248.372,332.83,247.79,330.387,248.255,328.642,249.651,327.711,251.396]],"iscrowd":0},{"id":85,"image_id":14,"category_id":1,"bbox":[348,248,13.029,12.68],"area":165.216,"segmentation":[[349.931,248.837,348.651,250.698,348.186,251.28,347.837,253.723,347.953,255.584,349.349,259.074,352.141,261.052,355.049,261.052,358.539,260.238,359.935,258.609,360.866,256.166,360.75,253.723,360.052,251.862,356.562,249.07,354.933,248.488,354.817,248.372,352.141,248.372,349.931,248.837]],"iscrowd":0},{"id":86,"image_id":15,"category_id":1,"bbox":[292,300,9.4,8.1],"area":76.14,"segmentation":[[291.5,303.5,291.5,304.9,292.7,306.7,296.6,308.5,299,308.2,300.5,306.9,300.9,304.2,300.2,303.4,298.6,302.5,295.3,301.3,293.8,300.7,293,300.4,291.8,302,291.5,303.5]],"iscrowd":0},{"id":87,"image_id":15,"category_id":1,"bbox":[302,298,9,6.2],"area":55.8,"segmentation":[[302,300.5,302.3,302,303.2,302.8,303.9,304,305.1,304.6,306.8,304.5,308.1,303.4,309.9,302.7,311,301.2,310.9,300.3,308.3,298.5,307.4,298.4,306.7,298.7,306.5,298.6,304,299.2,302,300.5]],"iscrowd":0},{"id":88,"image_id":15,"category_id":1,"bbox":[330,305,9.1,9.2],"area":83.72,"segmentation":[[330.4,310.4,330.6,312.4,332.4,313.4,335.3,314.1,337.2,313.3,338.7,311.5,339.5,309,338,305.5,335.6,304.9,334.1,305.3,332.2,306.4,330.8,308.2,330.4,310.4]],"iscrowd":0},{"id":89,"image_id":15,"category_id":1,"bbox":[340,300,8.1,7],"area":56.7,"segmentation":[[341.6,300.2,340,301.7,339.7,302.6,339.8,304.3,341.9,306.2,343.8,306.5,345.9,306.1,347.8,303.1,345.8,300.6,344.2,299.5,342.5,299.9,341.6,300.2]],"iscrowd":0},{"id":90,"image_id":15,"category_id":1,"bbox":[365,166,5.7,5.3],"area":30.21,"segmentation":[[364.9,167.8,364.7,168.7,366.3,170.8,367.7,171.4,369.9,170.3,370.4,169.7,369.7,168,369.1,167.6,368.5,167,367.6,166.1,366.2,166.5,364.9,167.8]],"iscrowd":0},{"id":91,"image_id":15,"category_id":1,"bbox":[446,324,9.2,8.8],"area":80.96,"segmentation":[[446.8,327.5,446.2,331.1,447.2,331.8,449.7,332.7,451.8,333,453.9,332.5,455.1,330.8,455.4,328.9,455,325.7,452.5,324.4,450.4,324.2,448.7,324.3,447.2,326.1,446.8,327.5]],"iscrowd":0},{"id":92,"image_id":15,"category_id":1,"bbox":[458,322,9.1,7.245],"area":65.934,"segmentation":[[459.2,323.6,458.2,326.1,459.5,328.8,461.6,329.1,464,328.9,465.8,327.8,467.1,326,467.3,325.3,466.9,323.5,464.8,322.4,462.073,321.855,462.4,322.1,460.6,322.5,459.2,323.6]],"iscrowd":0},{"id":93,"image_id":16,"category_id":1,"bbox":[116,247,10.2,7.3],"area":74.46,"segmentation":[[116.6,252.6,120.8,253.9,125.8,251.3,126.4,249.3,124.5,247.7,121.5,246.6,119.1,246.7,117.7,247.8,116.2,251.1,116.6,252.6]],"iscrowd":0},{"id":94,"image_id":16,"category_id":1,"bbox":[121,240,4,4.3],"area":17.2,"segmentation":[[120.9,243.6,122.8,244.6,124.7,244.35,124.9,243,123.9,241.2,123.7,241.1,123.1,240.3,121.5,242.1,120.9,243.6]],"iscrowd":0},{"id":95,"image_id":16,"category_id":1,"bbox":[99,231,11.4,8.3],"area":94.62,"segmentation":[[101.2,237.95,105,239.3,108.6,238.5,109.8,236.3,110,233,106.8,231,102.2,231,100.1,231.7,98.6,232.8,99.2,232.9,99.6,235.8,101.2,237.95]],"iscrowd":0},{"id":96,"image_id":16,"category_id":1,"bbox":[111,222,11.9,6.9],"area":82.11,"segmentation":[[111,224.2,112.5,226.5,115.5,228.9,119.2,229.1,122.4,227.1,122.9,224.6,121.4,222.2,119.1,222.2,117.2,222.3,112.2,223,111,224.2]],"iscrowd":0},{"id":97,"image_id":16,"category_id":1,"bbox":[102,34,7.5,6.15],"area":46.125,"segmentation":[[101.9,39.2,102.8,40.25,105.3,40,108.6,38.6,109.4,36.2,108.1,35,105.8,34.4,104.6,34.1,101.9,37.4,101.9,39.2]],"iscrowd":0},{"id":98,"image_id":16,"category_id":1,"bbox":[221,251,16.4,12.8],"area":209.92,"segmentation":[[222,259.7,223.9,262.9,225.55,263.7,229,263.9,232.3,264.3,236.5,262.2,237.4,258.7,236.7,258.4,234.6,258.8,231.3,259.7,228.8,259.2,226.5,257.7,225,254.7,224.3,252.7,223.7,251.5,222.2,252.8,221.3,254.2,221.1,254.3,221,256.9,222,259.7]],"iscrowd":0},{"id":99,"image_id":16,"category_id":1,"bbox":[238,238,17.9,16.8],"area":300.72,"segmentation":[[238.2,245.5,238.5,250.1,239.5,253.3,242.4,254.8,247.05,254.4,250.5,253,254.1,250.8,255.7,247.8,256,244.5,256.1,242.4,253.8,238.9,252,238,250.2,238.4,250.3,240.4,254.4,243.8,253.1,247,249.6,250.9,246.8,252.1,243.5,251.2,242,249.3,241.8,246.9,243.1,244.2,244.9,242.4,247,241,247.9,240.4,246,239.8,244.5,240.1,241.8,240.4,240,242.5,238.2,245.5]],"iscrowd":0},{"id":100,"image_id":17,"category_id":1,"bbox":[110,102,19.472,16.844],"area":327.985,"segmentation":[[109.545,108.948,110.979,111.576,114.204,115.399,119.938,119.102,124.059,119.341,127.225,117.071,128.181,115.399,129.017,113.129,127.106,108.828,125.672,106.678,123.164,104.169,121.969,103.453,117.788,102.497,112.651,102.616,110.142,105.364,109.545,108.948]],"iscrowd":0},{"id":101,"image_id":17,"category_id":1,"bbox":[133,101,15.888,12.543],"area":199.291,"segmentation":[[133.079,105.006,132.72,107.275,133.198,109.426,135.348,112.532,136.782,113.009,141.202,113.607,142.755,113.248,144.786,112.771,146.578,111.695,147.653,109.665,148.37,107.753,148.609,105.603,147.533,103.93,146.458,102.377,143.472,101.302,142.038,101.063,141.68,101.78,141.083,102.616,141.919,103.692,143.711,104.767,145.025,105.842,145.503,107.634,144.666,109.306,143.233,110.381,140.605,110.979,137.499,110.381,136.782,109.545,136.663,107.156,137.618,106.081,139.291,105.722,139.291,104.289,139.171,102.736,138.932,102.377,135.229,103.333,133.079,105.006]],"iscrowd":0},{"id":102,"image_id":17,"category_id":1,"bbox":[193,104,16.508,17.594],"area":290.454,"segmentation":[[193.104,108.39,192.995,110.78,193.864,113.712,195.385,117.296,196.797,118.925,198.969,120.12,201.032,121.097,204.834,121.423,207.223,119.794,208.852,117.405,209.504,113.821,208.743,111.214,206.354,108.282,204.182,105.784,202.227,105.023,200.924,105.132,199.838,106.761,199.62,108.499,200.381,108.825,201.684,109.042,204.182,109.802,205.159,110.997,205.811,114.038,204.508,116.536,201.901,117.187,199.62,115.884,197.991,114.472,197.557,113.169,197.557,110.237,197.557,108.282,197.666,106.652,197.666,105.675,197.557,103.829,194.624,106.544,193.104,108.39]],"iscrowd":0},{"id":103,"image_id":17,"category_id":1,"bbox":[211,102,9.2,15],"area":138,"segmentation":[[211.8,106.15,211.1,108.5,211,111.5,211.4,114.1,212.7,116.2,213.8,117.4,216,116.4,217.7,114.7,218.7,112.5,219.6,110.1,220.2,106.9,219.5,105,218.6,103.8,217.6,103.5,215.9,105.4,216.2,107.9,217.4,109,217.8,110.6,217.4,112.1,216.2,113.6,213.8,113.2,212.8,112,212.3,109.8,212.7,107.2,213.6,105.4,214.4,104.4,214.9,102.4,213.2,103.9,211.8,106.15]],"iscrowd":0},{"id":104,"image_id":17,"category_id":1,"bbox":[311,172,10.6,10.4],"area":110.24,"segmentation":[[311.4,176.3,311.7,178.4,312.6,180.1,314.7,181.4,316.3,182,316.5,182,317.7,182.3,318.9,182.1,320.4,181.2,321.6,179.7,322,174.4,321,173.2,318.8,171.9,316.4,172.3,311.9,175.1,311.4,176.3]],"iscrowd":0},{"id":105,"image_id":17,"category_id":1,"bbox":[325,171,7.8,8.8],"area":68.64,"segmentation":[[326.35,172.9,325.4,174.5,325.3,177.7,326.5,179.2,328.2,179.4,330.9,178,332.2,176.5,332.8,175,333.1,173.1,332.6,171.7,332,171.4,330.9,170.6,328.4,171.2,326.35,172.9]],"iscrowd":0},{"id":106,"image_id":18,"category_id":1,"bbox":[57,286,12.938,9.971],"area":129,"segmentation":[[56.5,291.699,57.924,294.251,60.061,295.32,62.85,295.913,65.877,295.913,68.726,294.489,69.438,291.521,67.895,288.791,63.978,286.655,63.503,286.655,61.485,285.942,57.212,289.147,56.5,291.699]],"iscrowd":0},{"id":107,"image_id":18,"category_id":1,"bbox":[70,276,10.92,13.116],"area":143.23,"segmentation":[[70.269,279.889,70.032,283.212,71.931,287.07,74.067,288.969,77.272,287.96,78.934,286.655,80.121,284.755,80.833,281.907,80.952,278.346,79.527,276.684,77.035,276.565,74.661,276.328,75.017,275.853,71.812,277.515,70.269,279.889]],"iscrowd":0},{"id":108,"image_id":18,"category_id":1,"bbox":[78,245,13.532,12.107],"area":163.828,"segmentation":[[78.103,252.588,82.376,255.912,85.581,257.218,88.667,256.387,90.804,253.538,91.516,250.096,90.685,246.891,87.243,245.11,84.394,245.11,81.545,245.229,80.833,245.823,77.984,248.79,78.103,252.588]],"iscrowd":0},{"id":109,"image_id":18,"category_id":1,"bbox":[96,242,13.057,12.819],"area":167.379,"segmentation":[[96.501,245.229,95.552,248.79,98.4,252.292,102.673,254.369,106.116,253.538,107.303,252.232,108.371,250.452,108.608,247.959,108.608,246.535,107.896,245.348,105.76,243.33,103.86,241.906,102.555,241.55,98.875,243.093,96.501,245.229]],"iscrowd":0},{"id":110,"image_id":18,"category_id":1,"bbox":[145,112,6.4,6.1],"area":39.04,"segmentation":[[146,112.4,145.3,113.3,145,114.8,145,116.05,146.3,117.5,148.5,117.6,151.4,115.1,151.3,113,151,112.1,149.2,111.5,147.4,111.5,146.55,111.9,146,112.4]],"iscrowd":0},{"id":111,"image_id":18,"category_id":1,"bbox":[235,259,16.033,14.506],"area":232.569,"segmentation":[[235.402,262.505,235.02,264.414,235.402,267.722,237.693,270.776,241.637,273.448,245.073,273.066,248.381,271.921,250.29,269.249,251.053,264.541,250.544,261.614,248.381,259.579,245.327,258.942,240.746,259.451,238.329,259.07,236.42,260.851,235.402,262.505]],"iscrowd":0},{"id":112,"image_id":18,"category_id":1,"bbox":[253,251,15.015,13.742],"area":206.34,"segmentation":[[252.58,254.743,252.707,258.561,256.397,263.269,259.833,264.287,263.778,262.378,266.068,258.052,267.595,254.743,266.959,252.453,262.123,250.544,259.706,250.544,258.942,251.308,254.807,252.58,252.58,254.743]],"iscrowd":0},{"id":113,"image_id":19,"category_id":1,"bbox":[225,191,6.1,4.6],"area":28.06,"segmentation":[[225.2,194.6,226.7,195.8,229.65,195.55,230.7,195.3,230.3,193.5,228.2,191.8,226.9,191.7,226,191.7,225.1,191.2,224.6,192.8,225.2,194.6]],"iscrowd":0},{"id":114,"image_id":19,"category_id":1,"bbox":[231,186,4.6,4.3],"area":19.78,"segmentation":[[231.4,188.8,231.6,189.8,232.8,190.6,235.7,190.2,236,190,235.7,188.8,234.1,187.5,233.6,187.3,233.6,186.3,232.3,187,231.4,188.8]],"iscrowd":0},{"id":115,"image_id":19,"category_id":1,"bbox":[224,178,4.4,5.6],"area":24.64,"segmentation":[[223.9,181.1,224.9,182.9,227.7,183.3,228.3,181.3,227.2,179.1,226.6,178.5,225.8,177.7,224.3,179,223.9,181.1]],"iscrowd":0},{"id":116,"image_id":19,"category_id":1,"bbox":[232,173,6.8,6.8],"area":46.24,"segmentation":[[231.7,173,232.4,176.2,233.6,178,236.1,179.4,238.4,177,238.5,175.5,237.8,174.6,236.3,173.5,234.8,172.6,233,172.6,231.7,173]],"iscrowd":0},{"id":117,"image_id":19,"category_id":1,"bbox":[230,49,3.9,4.3],"area":16.77,"segmentation":[[230.4,51.7,231.6,52.9,233.1,52.4,234,50.7,234.2,49.1,233.6,48.6,232.4,48.6,231.1,48.7,230.3,49.8,230.4,51.7]],"iscrowd":0},{"id":118,"image_id":19,"category_id":1,"bbox":[312,190,8.1,6.1],"area":49.41,"segmentation":[[312.4,194,314.5,195.6,317.1,196.1,319,195.9,320.5,194.4,320.5,193.3,318.6,191.1,316.4,190.6,315,190.3,313.5,190,312.5,191.8,312.4,194]],"iscrowd":0},{"id":119,"image_id":19,"category_id":1,"bbox":[323,182,8.5,7.2],"area":61.2,"segmentation":[[322.8,187.3,324.4,189.4,327.1,189.1,329.7,187.6,331.3,184.9,331.1,183.1,329.3,182.2,327.5,182.3,325.5,183.5,325.2,183.8,324.9,183.7,322.95,185.1,322.8,187.3]],"iscrowd":0},{"id":120,"image_id":20,"category_id":1,"bbox":[105,82,17.159,11.851],"area":203.346,"segmentation":[[105.176,89.004,106.04,91.473,108.879,93.078,112.335,93.695,115.668,93.819,120.73,92.461,122.211,90.609,121.717,87.029,119.495,85.177,115.792,83.202,110.607,82.091,108.015,81.968,106.287,82.585,105.052,88.14,105.176,89.004]],"iscrowd":0},{"id":121,"image_id":20,"category_id":1,"bbox":[124,75,15.4,12.8],"area":197.12,"segmentation":[[124.6,79.3,124.2,82.9,125.3,85.4,128.5,87.1,131.3,88,134.6,88,138.4,86.2,139.6,83.5,139.3,81.1,138.1,78.6,136.3,76.3,135,75.3,132.9,75.2,131.2,75.2,130.8,76,131,77,133.7,77.5,134.8,78.1,135.8,79.7,135.1,82.3,132.4,82.9,131.7,80.5,131.7,79.3,130.5,79.3,129.1,78.4,129.1,77.2,129,76.5,129,76.3,127.8,75.6,126,76.7,124.6,79.3]],"iscrowd":0},{"id":122,"image_id":20,"category_id":1,"bbox":[169,53,17,16.9],"area":287.3,"segmentation":[[169,56,168.8,58.6,169.8,60.8,170.9,62.3,173.4,66.4,175.1,67.9,179.6,69.4,182.7,68.8,183.9,67.5,185.4,63.6,185.8,60.1,184.7,56.7,183.1,53.1,179.2,52.5,177.8,52.6,176.3,53.2,176.7,55,178.4,56.5,180.8,58.3,182,59.5,182.9,62.2,182,65.6,180.1,66,177.5,65.4,175,62.5,174.4,60.3,174.2,58.3,174.5,56.7,174.5,55.8,174.2,54.4,173.8,54.3,172.7,53.8,169.4,54.7,169,56]],"iscrowd":0},{"id":123,"image_id":20,"category_id":1,"bbox":[189,53,11.1,11.4],"area":126.54,"segmentation":[[190.7,54.7,189.1,56.2,188.7,57.9,189.3,60.1,189.8,62.5,191.7,64,195.2,64.4,197.6,63.5,199.2,61.7,199.8,59.3,199.7,56.3,198.8,53.6,197.9,53,196.7,53.1,195.8,53.8,195.4,54.9,194.9,57,194.8,58.8,194.9,61.2,193.4,61.8,191.6,60.2,190.9,58.2,192,56.7,192.8,56.3,193.5,55.4,194.1,54.2,194.2,53.1,192.4,53.4,190.7,54.7]],"iscrowd":0},{"id":124,"image_id":20,"category_id":1,"bbox":[336,116,12.7,12.1],"area":153.67,"segmentation":[[336.3,121.3,338.1,124.3,340.6,127.5,343.3,128.2,346.8,127.1,348.1,125.6,349,120.9,348.3,118.8,345.9,117.5,342.8,117.2,340.7,116.1,341.6,116.7,336.8,119.5,336.3,121.3]],"iscrowd":0},{"id":125,"image_id":20,"category_id":1,"bbox":[351,113,11.1,11.3],"area":125.43,"segmentation":[[352.2,116.3,351.4,120.2,353.5,123.4,355.3,123.9,360.2,122.7,362,118.5,362.5,116.4,359.2,112.8,356.8,112.6,356.1,112.8,353.1,114.4,352.2,116.3]],"iscrowd":0},{"id":126,"image_id":21,"category_id":1,"bbox":[243,320,12.226,10.327],"area":126.253,"segmentation":[[243.211,323.451,242.855,324.875,242.855,327.13,243.33,328.555,246.179,330.217,249.146,330.335,252.351,329.861,254.488,328.08,255.081,325.469,254.25,323.332,251.045,321.314,247.603,321.196,246.179,320.009,244.398,322.026,243.211,323.451]],"iscrowd":0},{"id":127,"image_id":21,"category_id":1,"bbox":[255,319,7.953,9.615],"area":76.462,"segmentation":[[255.437,320.602,255.556,323.213,256.862,326.062,258.998,328.436,261.253,327.961,262.915,325.825,263.39,322.62,262.203,320.483,261.135,318.822,256.862,319.178,255.437,320.602]],"iscrowd":0},{"id":128,"image_id":21,"category_id":1,"bbox":[271,331,13.175,13.532],"area":178.284,"segmentation":[[271.58,334.965,271.343,337.754,272.055,340.899,275.972,344.104,280.245,344.579,282.5,344.104,284.162,341.968,284.518,337.22,283.687,333.659,280.957,331.641,277.634,331.166,275.26,331.048,273.004,332.709,271.58,334.965]],"iscrowd":0},{"id":129,"image_id":21,"category_id":1,"bbox":[287,325,13.413,11.514],"area":154.431,"segmentation":[[288.079,327.368,286.655,330.454,287.604,334.252,292.827,336.27,295.794,335.795,298.287,334.371,300.067,330.454,299.118,327.724,296.388,325.825,293.895,324.757,292.827,324.875,290.334,325.35,288.079,327.368]],"iscrowd":0},{"id":130,"image_id":21,"category_id":1,"bbox":[315,132,8.9,8.9],"area":79.21,"segmentation":[[315.2,135.2,314.8,136.4,315.5,138.7,316.8,140.3,318.8,140.8,321.6,139.9,323.4,138.1,323.7,136.2,323.2,134.4,322.7,133,321.5,132.1,320.6,132.1,319.1,131.9,317,132.8,315.2,135.2]],"iscrowd":0},{"id":131,"image_id":21,"category_id":1,"bbox":[447,384,14.096,14.096],"area":198.705,"segmentation":[[447.223,390.393,447.965,394.844,449.301,397.367,453.307,398.257,457.313,398.406,459.836,397.812,461.32,394.103,461.32,389.799,459.687,385.348,457.165,384.309,453.604,385.348,451.23,386.238,451.675,385.793,449.004,387.574,447.223,390.393]],"iscrowd":0},{"id":132,"image_id":21,"category_id":1,"bbox":[468,383,13.058,11.871],"area":155.001,"segmentation":[[469.184,385.051,468.294,387.648,469.184,390.69,470.964,393.361,475.119,394.696,478.68,393.212,480.312,391.877,481.203,389.354,481.351,385.793,480.312,384.309,478.384,383.419,476.603,382.974,471.632,382.826,469.184,385.051]],"iscrowd":0},{"id":133,"image_id":22,"category_id":1,"bbox":[170,214,13.498,10.974],"area":148.134,"segmentation":[[170.211,220.253,172.515,222.448,175.149,223.765,179.1,224.533,182.612,223.436,183.27,222.119,181.295,218.058,177.234,214.108,175.588,213.559,172.296,213.888,171.637,214.547,172.186,214.108,172.406,213.888,172.625,213.998,169.772,217.51,170.211,220.253]],"iscrowd":0},{"id":134,"image_id":22,"category_id":1,"bbox":[183,212,10.151,5.707],"area":57.929,"segmentation":[[183.27,212.352,182.667,214.547,184.587,215.973,186.672,217.51,188.647,217.62,191.501,216.742,192.818,214.547,190.733,212.791,188.867,212.242,188.757,211.913,185.575,211.913,183.27,212.352]],"iscrowd":0},{"id":135,"image_id":22,"category_id":1,"bbox":[326,245,17.922,16.867],"area":302.289,"segmentation":[[326.805,251.604,326.277,256.7,329.089,259.862,334.36,261.444,339.104,260.741,342.618,258.632,344.199,254.064,343.145,250.726,339.982,247.563,337.698,246.158,334.711,245.982,332.076,244.576,328.386,247.212,326.805,251.604]],"iscrowd":0},{"id":136,"image_id":22,"category_id":1,"bbox":[347,246,11.596,13.353],"area":154.849,"segmentation":[[347.713,246.86,346.835,249.32,347.362,254.591,349.646,257.93,351.227,258.984,355.268,258.105,357.552,254.591,358.431,251.253,357.728,249.32,355.268,247.739,353.687,245.982,349.294,245.631,347.713,246.86]],"iscrowd":0},{"id":137,"image_id":23,"category_id":1,"bbox":[224,188,5,6.7],"area":33.5,"segmentation":[[224.3,193.8,227,194.3,228,194.2,229.2,191.3,229,188.9,227.6,187.6,227,187.6,225.4,188.9,225.1,190.5,224.9,190.7,224.2,192.8,224.3,193.8]],"iscrowd":0},{"id":138,"image_id":23,"category_id":1,"bbox":[231,184,3,4.3],"area":12.9,"segmentation":[[231.2,188,232.7,188.5,234,187.9,234.2,186.5,233.8,185.8,233,184.2,231.5,185.7,231.2,188]],"iscrowd":0},{"id":139,"image_id":23,"category_id":1,"bbox":[222,175,5.5,5.5],"area":30.25,"segmentation":[[226.1,180.8,227.4,179.3,227.4,178.1,225.8,175.3,224,175.4,223.515,175.815,223.3,176,223.747,175.744,221.9,178.7,221.9,179.7,224.3,180.8,226.1,180.8]],"iscrowd":0},{"id":140,"image_id":23,"category_id":1,"bbox":[232,171,5.1,5.2],"area":26.52,"segmentation":[[231.8,172.7,231.7,174.9,231.6,175.8,233.4,176.4,236,176.3,236.7,175.1,236.2,173.5,235.1,172,233.9,171.2,232.1,172.1,231.8,172.7]],"iscrowd":0},{"id":141,"image_id":23,"category_id":1,"bbox":[227,43,4.9,6],"area":29.4,"segmentation":[[227.6,45.2,227.4,47.6,229.2,49,231.6,48.1,232.3,46.6,231,44.7,230,43.8,229.4,43,228.2,43.9,227.6,45.2]],"iscrowd":0},{"id":142,"image_id":23,"category_id":1,"bbox":[311,187,7.9,7.3],"area":57.67,"segmentation":[[312,192.4,314,194.3,315.9,194.5,317.7,193.6,318.5,192.7,318.6,191.4,316.6,188.4,314,187.2,311.8,187.9,310.7,189.7,312,192.4]],"iscrowd":0},{"id":143,"image_id":23,"category_id":1,"bbox":[322,181,7.1,6.7],"area":47.57,"segmentation":[[322.3,182,322.4,185.8,323.7,187.1,326.7,187.3,328.5,185.7,329.4,184.2,328.4,182.4,326.3,180.6,323,180.8,322.3,182]],"iscrowd":0},{"id":144,"image_id":24,"category_id":1,"bbox":[31,159,12.2,9.8],"area":119.56,"segmentation":[[30.9,161.8,30.6,163.8,32,165.1,34.4,167.8,36.1,168.7,40.4,167.4,41.7,166.1,42.8,163.4,42.4,161.3,39.6,158.9,36,158.9,34.6,158.9,34.9,159.1,35.4,159.5,31.55,160.5,30.9,161.8]],"iscrowd":0},{"id":145,"image_id":24,"category_id":1,"bbox":[45,163,11.1,6.2],"area":68.82,"segmentation":[[48.7,163,46.6,163.9,44.7,166.3,44.5,168.3,47.6,169.2,51.8,169.1,54.2,168.6,55.6,167.7,55.2,166.5,53.1,164.6,52.3,163.5,52.3,163.4,50.7,163.1,48.7,163]],"iscrowd":0},{"id":146,"image_id":24,"category_id":1,"bbox":[0,34,3.7,13.6],"area":50.32,"segmentation":[[1.6,35.2,1.2,36.9,0.7,38.5,0.4,40.6,0.3,42.7,0.3,45.1,1.1,47.5,2,47.9,3.3,45.8,4,42.1,4,40,3.9,37.3,3.15,35.6,1.5,34.3,1.6,35.2]],"iscrowd":0},{"id":147,"image_id":24,"category_id":1,"bbox":[193,232,14.292,11.56],"area":165.214,"segmentation":[[192.734,237.712,193.154,240.024,195.046,241.285,198.829,242.756,201.561,243.492,204.399,242.651,205.66,241.705,206.711,239.498,207.026,235.715,206.5,234.139,203.138,232.352,201.246,231.932,199.354,231.932,199.039,231.932,198.724,232.352,198.724,232.037,195.466,233.666,192.734,237.712]],"iscrowd":0},{"id":148,"image_id":24,"category_id":1,"bbox":[208,232,11.665,11.875],"area":138.522,"segmentation":[[211.65,232.142,209.338,234.664,208.182,238.08,208.497,239.709,210.494,242.861,212.701,243.597,215.433,242.756,217.325,241.39,219.531,239.183,219.847,237.712,219.426,235.4,217.955,233.824,216.589,232.983,217.009,231.932,216.904,231.932,213.752,231.722,211.65,232.142]],"iscrowd":0},{"id":149,"image_id":25,"category_id":1,"bbox":[36,227,8.539,8.755],"area":74.759,"segmentation":[[36.258,230.061,36.813,232.277,37.478,233.275,38.476,233.94,40.14,234.605,42.801,235.27,44.354,235.38,44.687,233.496,44.798,230.172,42.691,227.29,39.031,226.847,36.924,226.847,36.369,226.626,36.369,228.731,36.258,230.061]],"iscrowd":0},{"id":150,"image_id":25,"category_id":1,"bbox":[47,222,7.098,9.752],"area":69.217,"segmentation":[[47.016,223.744,47.016,224.742,47.016,226.404,49.012,229.729,49.788,231.28,53.78,230.504,54.113,229.839,52.561,227.29,51.008,224.852,50.232,222.968,49.012,221.528,47.681,222.304,47.016,223.744]],"iscrowd":0},{"id":151,"image_id":25,"category_id":1,"bbox":[58,213,9.426,12.079],"area":113.866,"segmentation":[[57.551,217.317,57.662,218.979,57.884,222.968,59.991,225.296,63.429,224.852,65.425,223.633,66.756,221.528,66.977,219.533,65.314,216.541,62.874,214.546,62.542,213.216,59.991,215.1,57.551,217.317]],"iscrowd":0},{"id":152,"image_id":25,"category_id":1,"bbox":[75,210,10.425,9.42],"area":98.196,"segmentation":[[74.851,213.66,75.406,216.098,77.291,218.425,80.618,219.311,82.614,218.646,84.61,216.319,85.276,213.881,84.278,212.219,81.616,210.667,79.509,210.002,78.511,209.892,76.182,210.778,74.851,213.66]],"iscrowd":0},{"id":153,"image_id":25,"category_id":1,"bbox":[221,264,14.823,11.268],"area":167.027,"segmentation":[[220.897,267.171,221.079,269.352,222.352,271.624,226.262,273.714,229.718,274.805,233.082,274.26,235.719,270.352,235.356,267.081,234.628,264.627,233.81,264.082,231.354,263.537,229.081,263.718,228.081,265.536,229.263,266.899,231.354,267.444,232.446,268.353,231.536,271.533,228.808,272.169,226.444,270.443,226.262,267.171,226.535,265.445,226.535,264.082,224.261,264.264,223.079,263.537,222.534,263.627,221.533,264.809,220.897,267.171]],"iscrowd":0},{"id":154,"image_id":25,"category_id":1,"bbox":[243,260,10.003,8.633],"area":86.356,"segmentation":[[245.353,261.3,243.216,262.754,242.898,264.208,242.989,266.662,244.353,268.116,246.353,268.389,248.445,268.479,250.445,267.389,252.264,265.481,252.901,264.118,252.81,261.937,251.173,260.573,249.809,260.664,248.99,260.755,249.263,260.028,248.081,259.846,245.353,261.3]],"iscrowd":0},{"id":155,"image_id":26,"category_id":1,"bbox":[92,292,10,8.1],"area":81,"segmentation":[[92.7,297.8,95.4,299.9,97.7,300.1,100.1,299.4,101.6,298.2,102.3,294.6,102.1,292.8,98.9,292,95.2,292.3,94.1,292.6,92.3,296,92.7,297.8]],"iscrowd":0},{"id":156,"image_id":26,"category_id":1,"bbox":[101,283,5.8,8.8],"area":51.04,"segmentation":[[101,285.4,101,287,102.6,290.3,104.3,291.4,106.8,288.1,106.7,286.6,105.2,284.8,104.5,284.2,103.9,283.3,103.6,282.6,101.5,284.5,101,285.4]],"iscrowd":0},{"id":157,"image_id":26,"category_id":1,"bbox":[98,253,9.9,8.8],"area":87.12,"segmentation":[[98.6,255.5,97.7,257,98.1,259.1,99.6,260.6,101.9,261.5,104.7,261.4,106.7,260.2,107.6,257.4,107.2,255.4,105.5,253,102.2,252.7,101.3,252.8,100.4,253.3,99.2,254.3,98.6,255.5]],"iscrowd":0},{"id":158,"image_id":26,"category_id":1,"bbox":[112,249,7.5,8.6],"area":64.5,"segmentation":[[114.4,249.4,112.7,250.3,111.8,252.4,111.5,254,111.5,255.8,112.2,257.2,114.8,257.8,116.7,257.5,117.8,256.8,118.7,255.6,119,254.4,119,252.7,118.7,251.7,118.1,249.7,116,249.2,114.4,249.4]],"iscrowd":0},{"id":159,"image_id":26,"category_id":1,"bbox":[134,146,5.2,4.3],"area":22.36,"segmentation":[[134.4,148.4,135.3,150.3,136.5,150.6,139.2,149.6,139.6,148.1,137.8,147.1,136.9,146.9,136.3,146.3,134.8,147.3,134.4,148.4]],"iscrowd":0},{"id":160,"image_id":26,"category_id":1,"bbox":[203,235,13.837,10.31],"area":142.661,"segmentation":[[204.166,237.131,203.081,238.487,204.301,241.675,205.658,243.235,208.1,244.592,211.627,244.999,214.476,244.456,216.646,242.286,216.918,239.573,215.561,236.724,212.305,235.367,207.964,234.689,207.015,234.689,204.166,237.131]],"iscrowd":0},{"id":161,"image_id":26,"category_id":1,"bbox":[216,226,10.446,8.411],"area":87.857,"segmentation":[[218.139,227.77,216.375,229.941,217.325,233.265,219.088,234.418,221.801,234.825,224.379,234.146,226.685,232.247,226.821,230.077,226.142,228.177,224.65,227.228,223.294,226.414,219.36,226.956,218.139,227.77]],"iscrowd":0},{"id":162,"image_id":27,"category_id":1,"bbox":[293,298,10.2,7.4],"area":75.48,"segmentation":[[292.8,302.9,294.6,304.9,297.6,305.6,300.1,305.4,301.6,304.8,302.8,303.1,303,301.3,302.1,300.1,300.6,298.6,299,298.2,297.2,298.7,296.6,298.9,293.35,300.55,292.8,302.9]],"iscrowd":0},{"id":163,"image_id":27,"category_id":1,"bbox":[305,297,7.2,5.4],"area":38.88,"segmentation":[[305,299.8,305.4,301.1,306.1,301.9,307.8,302.2,309.3,302.2,311.2,301.5,312.1,300.6,312.2,298.3,310.8,297.1,308.3,297,307.5,296.8,305.7,297.1,305,299.8]],"iscrowd":0},{"id":164,"image_id":27,"category_id":1,"bbox":[333,303,9.4,10],"area":94,"segmentation":[[333,305.3,332.9,307.45,333.7,310.7,335.2,312.5,337.6,313.2,339.7,313.1,341.2,311.8,342.1,310.7,342.1,309.2,342.3,307.6,338.7,304.1,335.3,303.2,334.1,303.8,333,305.3]],"iscrowd":0},{"id":165,"image_id":27,"category_id":1,"bbox":[343,298,7.4,6.9],"area":51.06,"segmentation":[[342.9,300.2,342.5,301.8,343.2,304.2,345.1,305.3,347.1,305.3,349.2,304.6,349.9,303.4,349.9,302,349.7,300.5,348.8,298.9,346.8,298.4,345.2,298.4,344.9,298.6,343.7,299.3,342.9,300.2]],"iscrowd":0},{"id":166,"image_id":27,"category_id":1,"bbox":[366,165,6.35,4.4],"area":27.94,"segmentation":[[365.75,167.65,367.2,168.7,368.1,169.1,370.9,168.95,372.05,168.1,372.1,167.4,371.2,165.1,370.3,164.7,368.2,164.8,367.1,165.1,365.8,166.4,365.75,167.65]],"iscrowd":0},{"id":167,"image_id":27,"category_id":1,"bbox":[448,322,10.5,9.2],"area":96.6,"segmentation":[[448.2,327.1,447.9,329.2,449.8,330.3,453.6,331,455.2,331.1,457.6,329.4,458.4,327.2,457.5,324.5,455,322.4,452,322.2,450.5,321.9,449.1,324,448.2,327.1]],"iscrowd":0},{"id":168,"image_id":27,"category_id":1,"bbox":[462,320,8.3,7],"area":58.1,"segmentation":[[461.6,323.5,461.8,326.5,462.9,327.4,465.4,327.3,467.45,326.4,469.5,324.8,469.9,323.3,469.4,321.9,466.8,320.6,465.6,320.4,465.2,320.5,464.9,320.4,462.5,321.9,461.6,323.5]],"iscrowd":0},{"id":169,"image_id":28,"category_id":1,"bbox":[5,343,9.135,9.752],"area":89.086,"segmentation":[[5.802,345.03,4.938,347.005,4.691,349.104,5.555,352.437,8.024,352.128,9.999,351.449,13.579,346.388,13.826,344.783,10.863,343.672,8.271,342.685,7.283,343.425,5.802,345.03]],"iscrowd":0},{"id":170,"image_id":28,"category_id":1,"bbox":[16,337,8.271,7.901],"area":65.344,"segmentation":[[15.678,341.203,16.171,343.796,18.517,345.4,21.48,344.413,22.837,343.302,23.948,341.08,21.726,339.352,20.122,337.87,19.504,337.5,17.159,338.734,15.678,341.203]],"iscrowd":0},{"id":171,"image_id":28,"category_id":1,"bbox":[16,355,13.209,10.987],"area":145.119,"segmentation":[[16.171,358.979,16.295,361.078,17.776,363.794,22.097,366.139,26.726,365.522,29.318,362.683,29.38,358.856,27.158,356.757,24.195,356.387,22.097,356.264,20.862,355.153,17.529,356.017,16.171,358.979]],"iscrowd":0},{"id":172,"image_id":28,"category_id":1,"bbox":[31,345,13.209,11.851],"area":156.533,"segmentation":[[31.232,349.351,33.33,353.424,36.91,356.387,39.256,356.757,43.082,355.276,44.44,351.943,44.193,348.24,40.86,345.524,38.638,345.524,37.281,344.907,32.713,347.499,31.232,349.351]],"iscrowd":0},{"id":173,"image_id":28,"category_id":1,"bbox":[38,122,13,11.1],"area":144.3,"segmentation":[[38.2,126.8,38.6,129,41.2,130.1,44,133.1,45.8,133.4,48.7,130.6,50.6,128.3,51.2,126.5,49.9,124,46.5,122.3,45,122.3,43.5,123.6,40,124.5,38.2,126.8]],"iscrowd":0},{"id":174,"image_id":28,"category_id":1,"bbox":[199,401,13.519,15.002],"area":202.812,"segmentation":[[198.995,411.034,200.655,414.947,203.975,415.54,210.616,412.338,211.802,410.204,212.039,407.713,211.328,403.919,210.142,401.31,206.229,400.539,203.501,401.428,200.18,401.547,198.52,407.12,198.995,411.034]],"iscrowd":0},{"id":175,"image_id":28,"category_id":1,"bbox":[220,393,12.058,13.182],"area":158.949,"segmentation":[[220.007,402.972,221.54,405.373,224.657,406.6,228.591,406.191,230.635,404.045,231.861,401.184,232.065,398.425,230.941,395.155,228.795,393.417,225.934,393.724,223.482,394.848,221.949,395.461,220.416,398.374,220.007,402.972]],"iscrowd":0},{"id":176,"image_id":29,"category_id":1,"bbox":[86,211,17.365,10.77],"area":187.025,"segmentation":[[85.682,215.166,87.599,218.756,90.473,220.79,94.185,221.388,98.377,221.867,100.892,221.867,103.047,218.995,102.209,214.328,100.053,211.695,97.658,211.097,94.065,211.456,91.191,211.815,89.634,211.695,87.12,212.174,85.682,215.166]],"iscrowd":0},{"id":177,"image_id":29,"category_id":1,"bbox":[104,214,9.221,9.095],"area":83.868,"segmentation":[[106.281,215.764,105.323,216.841,104.484,219.713,104.724,222.106,107.119,222.944,109.274,222.465,111.43,221.628,112.867,220.91,113.705,219.115,113.107,217.08,110.951,215.166,110.352,213.849,108.795,214.328,106.281,215.764]],"iscrowd":0},{"id":178,"image_id":29,"category_id":1,"bbox":[123,92,15.216,14.425],"area":219.492,"segmentation":[[123.507,97.172,123.116,99.902,124.417,102.891,126.758,105.23,129.749,106.01,132.48,105.88,134.951,105.49,138.332,102.371,138.332,100.421,137.422,95.873,135.601,92.754,132.87,91.584,129.619,91.974,129.229,91.584,125.717,94.313,123.507,97.172]],"iscrowd":0},{"id":179,"image_id":29,"category_id":1,"bbox":[274,262,12.395,14.317],"area":177.462,"segmentation":[[274.34,268.051,273.72,271.767,276.447,275.483,281.467,276.04,283.884,274.74,286.115,272.015,285.867,267.927,282.521,264.211,278.213,261.723,275.083,265.45,274.34,268.051]],"iscrowd":0},{"id":180,"image_id":29,"category_id":1,"bbox":[292,263,10.412,11.148],"area":116.071,"segmentation":[[293.428,265.821,291.569,268.918,291.941,272.51,295.659,274.244,298.82,273.129,301.361,271.395,301.981,267.679,300.742,265.45,296.775,263.963,296.403,263.096,294.544,264.335,293.428,265.821]],"iscrowd":0},{"id":181,"image_id":30,"category_id":1,"bbox":[251,169,12.2,9.8],"area":119.56,"segmentation":[[250.9,174.95,252,176.7,254.3,178.3,257,179.2,260.1,178.5,262.4,176.6,263.1,174.6,261.7,171.6,258.4,170.3,256.1,170,254.8,169.4,251.9,172.2,250.9,174.95]],"iscrowd":0},{"id":182,"image_id":30,"category_id":1,"bbox":[265,165,10.4,9.1],"area":94.64,"segmentation":[[266,167.2,265,170.4,266.6,173.2,269.3,173.8,273.8,172.2,275.4,169.8,275.2,167.1,271.9,165.3,269.3,164.7,268.3,164.7,267.1,165.6,266,167.2]],"iscrowd":0},{"id":183,"image_id":30,"category_id":1,"bbox":[290,155,12.5,12.2],"area":152.5,"segmentation":[[290.4,161.4,292.2,162.9,292.8,163.9,295.65,166.9,298,167.5,300.1,167.6,302.4,165.2,302.5,162.6,302.1,159.6,300,157.5,297,155.4,295.5,156.3,296.2,159,299.5,160.3,300.6,160.9,300.7,163.3,300.3,164.2,298.8,165,296.9,164.3,295.8,163.4,295.4,162.8,295.2,161.4,293.7,158.7,293.3,158,292.8,157.7,291.3,156.9,290,159.3,290.4,161.4]],"iscrowd":0},{"id":184,"image_id":30,"category_id":1,"bbox":[305,151,11.5,9.9],"area":113.85,"segmentation":[[305.7,152.9,305.4,157.1,307,159.7,309.4,160.9,312.7,160.6,315.3,159.7,316.9,158.1,316.5,155.4,315.9,153,313.7,152.1,311.7,151.8,310.5,151,306,152.3,305.7,152.9]],"iscrowd":0},{"id":185,"image_id":30,"category_id":1,"bbox":[466,196,15.3,11.7],"area":179.01,"segmentation":[[466.3,200.9,467.5,204.2,469.3,205.3,474.5,207.4,477.8,207,480.9,205.2,481.6,202.5,479.5,198.3,475.5,196.2,473.5,196,472.5,195.7,467.8,199,466.3,200.9]],"iscrowd":0},{"id":186,"image_id":30,"category_id":1,"bbox":[487,191,13.9,10.5],"area":145.95,"segmentation":[[487.2,197.6,489.4,200.6,492.3,201.7,494.8,201.7,498.6,199.5,500.4,197.5,501.1,194.4,499.5,191.8,495.5,191.2,492.5,191.6,491.1,192.2,490.8,193.4,488.4,195.1,487.2,197.6]],"iscrowd":0},{"id":187,"image_id":31,"category_id":1,"bbox":[239,147,9.3,12.3],"area":114.39,"segmentation":[[239.4,152.2,239.1,153.9,239.2,158.2,242.2,159.1,244.5,158.7,247,157.1,248.2,153.9,248.4,150.5,246.9,147.5,245.9,147.5,243.9,147.5,243.6,146.8,241.7,149.1,239.4,152.2]],"iscrowd":0},{"id":188,"image_id":31,"category_id":1,"bbox":[253,147,11.3,10],"area":113,"segmentation":[[253.5,148.9,252.7,153,254.1,155.8,256.2,156.5,259.5,156.2,261.3,155.7,263.2,153.5,263.8,151.5,264,149.6,263,147.2,261.2,146.6,258,146.5,257.4,147,255.55,147.4,253.5,148.9]],"iscrowd":0},{"id":189,"image_id":31,"category_id":1,"bbox":[306,150,13.6,11.5],"area":156.4,"segmentation":[[306.4,154.8,306.8,157.5,308.6,159.6,312.4,161.2,316.1,161.1,318.4,160.1,320,156.5,318.6,153.3,315.6,151.1,313.6,150.8,311.5,149.7,308.1,152.2,306.4,154.8]],"iscrowd":0},{"id":190,"image_id":31,"category_id":1,"bbox":[322,145,7.6,9.5],"area":72.2,"segmentation":[[322.5,148.1,321.5,151.1,321.9,154.9,324,154.9,327,154.2,328.5,152.1,329.1,148.9,328.7,146.5,326.7,145.5,324.5,145.4,323,146.8,322.5,148.1]],"iscrowd":0},{"id":191,"image_id":31,"category_id":1,"bbox":[399,196,15.1,10.8],"area":163.08,"segmentation":[[399.6,203.6,402.7,206.1,406.8,207.2,411.1,206.2,413.7,203.3,413.4,199.7,411.6,197,408.8,196.4,406.1,196.5,404,196.7,400.8,197.1,399,198.8,399.5,199.4,398.6,201.3,399.6,203.6]],"iscrowd":0},{"id":192,"image_id":31,"category_id":1,"bbox":[416,197,7.3,7],"area":51.1,"segmentation":[[416.8,198.1,415.9,199.8,416.3,201.05,417.1,202.9,418,203.5,420,203.8,422,202.4,422.9,200.6,423.2,199.4,422.7,198.5,421.2,197.9,420,197.1,419.5,196.8,418.6,196.9,416.8,198.1]],"iscrowd":0},{"id":193,"image_id":32,"category_id":1,"bbox":[278,56,13.292,12.683],"area":168.577,"segmentation":[[277.502,59.66,277.502,61.385,279.43,64.734,281.357,67.473,285.314,68.285,289.272,66.763,290.793,64.023,289.474,61.284,287.344,58.544,283.59,56.211,280.038,55.602,279.125,55.602,279.024,55.906,277.908,57.124,277.502,59.66]],"iscrowd":0},{"id":194,"image_id":32,"category_id":1,"bbox":[294,54,11.059,8.827],"area":97.625,"segmentation":[[296.475,54.283,294.548,56.414,294.243,58.341,295.664,60.371,296.78,62.298,301.041,63.11,303.476,62.806,304.795,60.878,305.303,58.138,304.288,56.109,301.549,55.703,301.346,56.312,299.215,55.196,296.475,54.283]],"iscrowd":0},{"id":195,"image_id":32,"category_id":1,"bbox":[336,54,9.74,9.335],"area":90.923,"segmentation":[[336.452,56.616,335.945,58.544,336.35,60.878,338.38,62.4,341.728,63.414,344.569,63.313,345.381,62.704,345.685,58.95,343.757,55.602,342.337,54.486,342.008,54.267,341.829,54.892,341.293,54.14,340.206,54.08,337.771,55.095,336.452,56.616]],"iscrowd":0},{"id":196,"image_id":32,"category_id":1,"bbox":[350,51,9.03,10.552],"area":95.288,"segmentation":[[352.382,53.471,351.063,55.297,350.251,57.935,351.57,60.066,352.686,60.776,354.817,61.69,356.745,61.182,357.962,60.371,359.078,59.356,359.18,58.443,359.281,55.399,358.774,53.37,357.861,51.848,356.034,51.137,354.208,51.239,352.382,53.471]],"iscrowd":0},{"id":197,"image_id":32,"category_id":1,"bbox":[459,124,13.705,9.712],"area":133.107,"segmentation":[[462.088,124.749,459.822,126.044,458.958,128.633,460.037,132.518,463.599,134.029,467.807,134.029,470.721,133.058,472.663,129.821,472.124,127.231,469.21,125.18,468.023,124.641,467.376,124.317,465.649,124.317,462.088,124.749]],"iscrowd":0},{"id":198,"image_id":32,"category_id":1,"bbox":[477,124,9.82,7.986],"area":78.42,"segmentation":[[479.246,124.749,477.735,126.044,476.98,128.202,476.764,130.576,479.786,131.439,483.023,132.087,485.829,130.036,486.584,128.418,486.368,126.475,485.073,124.964,483.778,124.101,480.217,124.317,479.246,124.749]],"iscrowd":0},{"id":199,"image_id":33,"category_id":1,"bbox":[224,211,9.5,8.6],"area":81.7,"segmentation":[[224.3,214.4,223.9,215.95,224.4,218,226.7,219.2,228.5,219.8,231.5,219.8,232.95,218.3,233.3,216.5,233.4,213.7,232.1,212.6,228.8,211.7,227.8,211.4,226.6,211.2,225.1,212.7,224.3,214.4]],"iscrowd":0},{"id":200,"image_id":33,"category_id":1,"bbox":[235,205,6.7,6.6],"area":44.22,"segmentation":[[236,206.9,235.6,207.3,235.4,208.1,235.4,209.6,235.8,211.2,236.4,212,237.8,212,239.7,212,241.7,210.5,242.1,208.7,242,206.6,241.1,206.5,239.1,205.4,238.9,205.5,236,206.9]],"iscrowd":0},{"id":201,"image_id":33,"category_id":1,"bbox":[247,186,9,9.9],"area":89.1,"segmentation":[[247.4,189.9,247.1,191.4,248.4,193.9,250.1,195.9,253.2,195.3,255.3,194.3,256.1,191.9,255.8,189.6,254,187.5,250,186,249.8,186.1,248.2,187.9,247.4,189.9]],"iscrowd":0},{"id":202,"image_id":33,"category_id":1,"bbox":[257,181,10.2,9.9],"area":100.98,"segmentation":[[257.2,184.3,257.1,186,258.6,188.75,260,190.2,263.7,191.3,266.3,190.4,267.2,189.2,267.3,186.8,266.2,183.8,265.3,182.6,263.3,181.4,262.7,181.7,262.4,181.7,261.7,181.8,259.1,183,257.2,184.3]],"iscrowd":0},{"id":203,"image_id":33,"category_id":1,"bbox":[268,45,9.1,7],"area":63.7,"segmentation":[[268,48.2,267.9,50.3,268.4,51.4,269.3,52.1,271.1,52.3,273.1,52.4,276.2,50.8,277,49.5,276.3,47.8,274.2,46.5,272.8,45.9,271.6,45.4,268.9,46.4,268,48.2]],"iscrowd":0},{"id":204,"image_id":33,"category_id":1,"bbox":[384,198,9.9,9.5],"area":94.05,"segmentation":[[384.8,200.85,384.4,202.75,385.3,205.5,388,207.3,391.1,207.5,393.4,205.7,394.3,203.4,393.6,200.9,391,198.3,389.8,198.3,389.1,198.4,388.8,198,386.95,199.3,384.8,200.85]],"iscrowd":0},{"id":205,"image_id":33,"category_id":1,"bbox":[400,191,8.5,9.6],"area":81.6,"segmentation":[[401.1,193.6,400.2,195.1,399.6,198,400.6,200.7,402.8,200.7,406.7,198.6,407.8,196.5,408.1,194.9,407.5,193.4,407.1,192.9,406,191.3,406.2,191.1,403.85,191.5,401.1,193.6]],"iscrowd":0},{"id":206,"image_id":34,"category_id":1,"bbox":[188,224,9.054,8.67],"area":78.493,"segmentation":[[188.318,227.826,188.647,229.142,191.062,231.996,193.641,232.545,196.549,231.667,197.372,230.35,196.878,228.923,196.11,227.057,194.574,226.07,193.586,225.631,191.83,224.972,191.062,223.875,189.635,225.521,188.318,227.826]],"iscrowd":0},{"id":207,"image_id":34,"category_id":1,"bbox":[199,222,8.999,7.462],"area":67.154,"segmentation":[[199.183,223.655,199.183,226.838,200.609,228.155,202.475,228.704,204.56,229.033,206.755,228.045,208.182,226.399,207.633,225.631,205.109,223.985,203.353,223.326,202.475,222.338,202.365,221.57,200.17,222.558,199.183,223.655]],"iscrowd":0},{"id":208,"image_id":34,"category_id":1,"bbox":[229,223,7.682,9.767],"area":75.031,"segmentation":[[229.142,225.411,229.142,227.606,229.472,229.362,232.106,232.215,234.849,232.545,236.824,230.898,236.824,228.923,236.605,227.935,236.385,227.606,234.959,226.179,233.971,224.643,233.422,224.204,232.435,223.875,231.008,223.546,231.008,222.777,229.746,224.039,229.142,225.411]],"iscrowd":0},{"id":209,"image_id":34,"category_id":1,"bbox":[237,221,7.901,7.572],"area":59.832,"segmentation":[[237.373,224.643,238.8,227.057,240.665,228.374,243.08,228.484,244.945,226.509,245.275,225.631,245.275,223.985,244.287,222.558,242.641,221.899,240.281,220.912,237.702,222.338,237.373,224.643]],"iscrowd":0},{"id":210,"image_id":34,"category_id":1,"bbox":[285,86,7.2,4.8],"area":34.56,"segmentation":[[286.7,86.7,285.7,87.35,285.2,88.6,285,89.7,286,90.3,288.1,90.4,290.2,90.8,291.4,90.3,292.2,89.3,292.2,88.2,291.8,86.6,290.7,86.1,289.7,86,289.5,86.2,287.7,86.4,286.7,86.7]],"iscrowd":0},{"id":211,"image_id":34,"category_id":1,"bbox":[333,264,8.8,7.8],"area":68.64,"segmentation":[[333.8,267.6,333.4,269.1,333.5,270,334.1,270.8,335.9,271.5,337.7,272,340.3,272,341.7,271.1,341.9,268.6,342.2,266.5,341.2,264.5,339.7,264.2,338.5,265.5,337.7,266.5,336.4,266.6,333.8,267.6]],"iscrowd":0},{"id":212,"image_id":34,"category_id":1,"bbox":[344,265,10,5.7],"area":57,"segmentation":[[346.6,264.9,344.2,266.6,344.4,269.1,346.5,269.9,349.4,270.2,352.1,269.8,353.7,269,354.2,267.5,353.5,265.9,352.6,265.6,351.1,264.8,349.6,264.5,346.6,264.9]],"iscrowd":0},{"id":213,"image_id":35,"category_id":1,"bbox":[149,230,7.1,6.4],"area":45.44,"segmentation":[[149.7,233.1,151,235,154.6,235.9,156.1,235.5,156.2,232.4,154.8,231.2,151.7,230.1,150.5,229.8,149.7,229.5,149.1,231.6,149.7,233.1]],"iscrowd":0},{"id":214,"image_id":35,"category_id":1,"bbox":[155,224,4.7,5.4],"area":25.38,"segmentation":[[154.9,227.1,155.8,228.7,158.5,229.6,159.6,228.2,159.6,226.5,157.8,224.9,157.2,224.4,156.5,224.2,155.1,225.4,154.9,227.1]],"iscrowd":0},{"id":215,"image_id":35,"category_id":1,"bbox":[142,215,6.8,7.1],"area":48.28,"segmentation":[[142,220.3,143.8,221.5,147,221.7,148.8,220.4,148.4,217.2,146,214.6,143.9,214.6,142.7,215.4,143.3,215.8,142.1,218.2,142,220.3]],"iscrowd":0},{"id":216,"image_id":35,"category_id":1,"bbox":[151,210,7.4,7.2],"area":53.28,"segmentation":[[151.4,211.85,152.8,215.1,154.8,216.9,157.8,216.9,158.8,215.6,158.3,212.9,156.2,210.6,155.1,209.7,152.75,210.1,151.4,211.85]],"iscrowd":0},{"id":217,"image_id":35,"category_id":1,"bbox":[153,73,6.7,4.8],"area":32.16,"segmentation":[[153,75.3,154.2,76.6,155.4,78,157.1,77.7,159,76.7,159.6,74.6,156.8,73.4,156.2,73.2,154.4,73.4,152.9,74.4,153,75.3]],"iscrowd":0},{"id":218,"image_id":35,"category_id":1,"bbox":[232,235,8.9,6],"area":53.4,"segmentation":[[232.4,239.7,234.2,240.6,236.6,240.8,238.4,240.8,240.2,239.9,241.1,238.3,240.9,236.2,238.6,235,237.3,234.8,234.9,234.9,234,234.9,233.5,234.9,233.4,234.8,232.2,238.4,232.4,239.7]],"iscrowd":0},{"id":219,"image_id":35,"category_id":1,"bbox":[246,226,8.2,7],"area":57.4,"segmentation":[[246,228.6,245.7,230.95,246.5,232.7,249.4,233.4,252.2,233.2,253.9,231.5,252.9,227.9,251.2,227.2,250.2,226.4,248.2,227.3,246,228.6]],"iscrowd":0},{"id":220,"image_id":36,"category_id":1,"bbox":[101,226,12.3,9.6],"area":118.08,"segmentation":[[101.6,230,101.3,232.2,102.9,234.6,105.7,235.8,108.9,236,111.05,235.9,113.55,232.7,113.6,231.2,109.8,229.1,107.4,228.4,106.7,227.9,105.6,226.4,103.1,228.3,101.6,230]],"iscrowd":0},{"id":221,"image_id":36,"category_id":1,"bbox":[110,216,11.1,10.6],"area":117.66,"segmentation":[[110.4,219,109.8,222.5,113.1,225.9,116.4,226.5,118.9,225.2,120.1,223.3,120.9,220.4,120.8,219.2,118.8,217.1,116.6,216.1,114.9,215.9,111.3,218.1,110.4,219]],"iscrowd":0},{"id":222,"image_id":36,"category_id":1,"bbox":[115,184,11.6,11],"area":127.6,"segmentation":[[115.7,186.7,115,188.2,115.7,190.4,118.4,193.9,121.1,195.2,125.1,194.8,126.2,193.2,126.6,189.3,126.1,187.2,123.7,184.6,121.3,184.2,118.4,184.9,118.1,185.1,118.4,185.2,115.7,186.7]],"iscrowd":0},{"id":223,"image_id":36,"category_id":1,"bbox":[128,181,11,8.8],"area":96.8,"segmentation":[[129.4,181.7,127.9,183.7,127.9,185.8,129.8,188.9,132.2,189.5,135.2,189.1,137.3,188.5,138.9,184.8,138.7,183.3,137.8,181.9,136.4,181.6,134.5,180.7,131.5,181.3,129.4,181.7]],"iscrowd":0},{"id":224,"image_id":36,"category_id":1,"bbox":[142,63,5.5,6.4],"area":35.2,"segmentation":[[142.3,66.2,142.3,67.8,143.3,69.5,145.4,69.7,146.9,69.1,147.8,67.3,147.7,65.6,146.9,64.7,145.9,63.3,143.5,64.8,142.3,66.2]],"iscrowd":0},{"id":225,"image_id":36,"category_id":1,"bbox":[248,172,12.82,12.389],"area":158.822,"segmentation":[[248.208,176.352,247.992,178.938,249.5,181.954,250.578,183.786,254.025,183.893,256.826,183.786,259.196,182.17,260.812,179.584,260.704,174.09,258.442,172.474,254.241,171.505,253.055,171.612,251.332,172.474,249.5,174.09,248.208,176.352]],"iscrowd":0},{"id":226,"image_id":36,"category_id":1,"bbox":[263,164,11.312,9.911],"area":112.11,"segmentation":[[263.721,165.472,262.859,167.088,263.29,170.212,267.491,173.444,269.43,173.875,271.585,172.366,273.255,170.212,274.17,166.334,273.524,164.071,271.585,163.964,270.615,164.071,266.899,164.394,263.721,165.472]],"iscrowd":0},{"id":227,"image_id":37,"category_id":1,"bbox":[169,326,6.328,11.233],"area":71.088,"segmentation":[[171.027,329.08,169.445,331.77,169.603,333.827,172.609,336.675,174.508,337.307,175.299,336.358,175.773,333.036,175.773,330.346,175.615,329.397,173.716,326.074,171.818,328.447,171.027,329.08]],"iscrowd":0},{"id":228,"image_id":37,"category_id":1,"bbox":[185,325,8.674,9.473],"area":82.169,"segmentation":[[187.291,325.619,186.492,326.989,185.123,329.956,185.237,332.353,186.036,333.723,186.72,334.065,187.976,333.723,190.03,333.266,191.856,331.326,192.769,330.641,193.797,328.13,193.682,327.103,192.085,325.505,191.057,324.592,190.03,324.82,187.291,325.619]],"iscrowd":0},{"id":229,"image_id":37,"category_id":1,"bbox":[194,334,13.764,13.132],"area":180.748,"segmentation":[[193.809,339.364,193.809,341.895,194.284,344.11,195.866,345.693,199.03,347.116,202.827,347.591,205.359,346.8,207.574,341.737,207.574,339.681,206.624,338.257,203.144,335.883,199.03,334.934,197.923,334.46,196.024,336.2,193.809,339.364]],"iscrowd":0},{"id":230,"image_id":37,"category_id":1,"bbox":[209,326,11.549,13.132],"area":151.662,"segmentation":[[210.738,328.447,209.947,329.555,208.998,335.725,209.631,337.466,212.478,338.889,215.326,339.522,218.49,338.257,220.389,335.409,220.547,332.245,219.281,329.397,217.858,328.289,215.168,326.391,213.269,326.707,210.738,328.447]],"iscrowd":0},{"id":231,"image_id":37,"category_id":1,"bbox":[218,128,7.9,10.2],"area":80.58,"segmentation":[[218.6,130.8,218.5,131.5,218.5,132.7,218.3,135,218.9,135.9,220.7,137.7,223.25,138.4,225.2,138,225.9,136.8,226.2,132.5,226,131.3,225.1,129.8,224,129.5,222.7,129.3,222.2,131.1,223.2,131.8,223.4,131.8,224.1,133.6,224.6,134.2,223.6,135.9,222.7,136.2,221.6,135.9,220.3,133.5,220.4,131.1,220.7,129.6,221,128.7,221.8,128.2,220.1,129.1,218.6,130.8]],"iscrowd":0},{"id":232,"image_id":37,"category_id":1,"bbox":[368,378,16.959,16.08],"area":272.706,"segmentation":[[367.829,386.547,368.96,389.814,372.854,393.708,377.377,394.211,381.522,392.452,384.789,388.306,382.904,382.276,379.136,379.512,374.613,379.261,372.226,378.131,368.081,382.653,367.829,386.547]],"iscrowd":0},{"id":233,"image_id":37,"category_id":1,"bbox":[389,374,14.824,15.201],"area":225.329,"segmentation":[[390.065,380.517,388.557,385.794,391.698,389.06,395.718,389.688,399.11,388.306,402.125,384.914,403.381,381.02,402.753,378.131,399.487,376.121,396.723,374.487,392.954,376.372,390.065,380.517]],"iscrowd":0},{"id":234,"image_id":38,"category_id":1,"bbox":[120,225,13.2,7.4],"area":97.68,"segmentation":[[120.1,229.4,121.1,230.6,124.6,232.7,126.2,232.6,128.8,231.7,130,231,133,228,130.5,227.4,127,227.2,123.6,225.9,123,225.3,120.3,225.5,119.8,227.3,120.1,229.4]],"iscrowd":0},{"id":235,"image_id":38,"category_id":1,"bbox":[124,211,10,11.6],"area":116,"segmentation":[[123.8,214.7,123.7,217.1,125.3,219.5,128.4,222.1,131.9,222.1,133.7,219.3,133.7,216.3,132.8,214.3,129.7,213.3,128.3,211.8,127.9,211.3,127.3,210.5,125.5,211.9,123.8,214.7]],"iscrowd":0},{"id":236,"image_id":38,"category_id":1,"bbox":[136,206,12.3,12],"area":147.6,"segmentation":[[137,207.1,136.1,208.4,136.8,210.4,138.5,213.7,140.3,215.8,142.7,217.6,145.5,217,146.9,216.1,147.8,214.8,148.4,213,148.4,211.5,148,210.1,146.6,208.8,144.5,207.6,143,206.8,142.6,205.8,139.3,205.6,137,207.1]],"iscrowd":0},{"id":237,"image_id":38,"category_id":1,"bbox":[163,22,9.9,8.2],"area":81.18,"segmentation":[[163.6,24.4,162.9,25.6,163.1,28.9,164.8,30.2,166.9,30.5,169.3,29.4,170.6,28.5,172.7,25.3,172.8,24,169.2,22.5,168.1,22.5,166.9,23.1,167.1,22.3,165.4,22.9,163.6,24.4]],"iscrowd":0},{"id":238,"image_id":38,"category_id":1,"bbox":[260,260,16.6,15.6],"area":258.96,"segmentation":[[261.3,263.6,260.1,265.7,260,267.8,260.8,269.2,262.1,271.6,265.1,273.4,268,274.7,270.5,275.3,272.9,274.5,275.6,271,276.6,268.8,275.8,266.4,273.7,264,270.3,262.5,268.6,261,268,260.4,266.8,259.7,262.9,262.1,261.3,263.6]],"iscrowd":0},{"id":239,"image_id":38,"category_id":1,"bbox":[279,258,14.7,11.4],"area":167.58,"segmentation":[[280.2,260.9,279.3,263.2,279.1,264.8,280.1,267.2,284.5,269.2,287.8,269.2,290.6,267.1,292.6,264,293.8,261.9,292.9,260.4,291.3,258.4,290.2,257.8,288.2,258.133,288.4,258,285.9,258.2,282.4,259,280.2,260.9]],"iscrowd":0},{"id":240,"image_id":39,"category_id":1,"bbox":[206,204,12.796,9.541],"area":122.088,"segmentation":[[205.627,207.534,206.021,209.009,207.202,210.682,209.564,212.55,212.813,213.042,215.273,212.452,218.423,209.206,217.734,206.845,215.766,203.796,212.222,203.501,209.761,203.698,207.793,203.993,206.021,206.059,205.627,207.534]],"iscrowd":0},{"id":241,"image_id":39,"category_id":1,"bbox":[220,200,9.105,6.59],"area":60.003,"segmentation":[[219.998,205.665,222.361,206.845,225.313,206.747,226.692,206.255,228.266,204.78,228.611,202.616,226.101,200.649,223.05,200.255,222.853,200.255,221.278,200.452,219.506,203.895,219.998,205.665]],"iscrowd":0},{"id":242,"image_id":39,"category_id":1,"bbox":[247,191,10.138,10.623],"area":107.7,"segmentation":[[246.677,195.716,247.071,197.782,249.237,201.225,253.272,201.815,255.733,200.241,256.816,197.88,256.422,194.143,252.977,191.487,250.91,191.192,250.812,191.487,250.516,191.88,247.662,193.946,246.677,195.716]],"iscrowd":0},{"id":243,"image_id":39,"category_id":1,"bbox":[259,188,10.631,9.049],"area":96.198,"segmentation":[[259.178,192.372,260.458,193.946,263.411,196.012,265.478,196.897,269.513,194.044,269.809,191.487,269.218,189.126,265.576,187.848,263.214,188.438,260.556,189.225,259.178,192.372]],"iscrowd":0},{"id":244,"image_id":39,"category_id":1,"bbox":[406,231,11.276,9.827],"area":110.814,"segmentation":[[405.863,234.315,406.863,237.859,410.182,240.767,413.865,241.04,416.593,239.586,417.139,237.677,416.593,233.861,415.229,232.316,412.956,231.407,409.311,231.213,406.226,233.679,405.863,234.315]],"iscrowd":0},{"id":245,"image_id":39,"category_id":1,"bbox":[424,226,11.276,8.36],"area":94.273,"segmentation":[[426.687,233.77,429.233,234.588,431.598,234.679,434.417,233.134,435.508,230.862,435.69,228.227,435.053,227.045,431.507,226.318,429.052,226.409,428.417,226.335,425.505,226.864,424.414,229.135,424.868,231.771,426.687,233.77]],"iscrowd":0},{"id":246,"image_id":40,"category_id":1,"bbox":[183,183,9.93,9.016],"area":89.529,"segmentation":[[184.78,190.03,187.748,191.742,190.144,191.856,192.655,187.862,192.427,186.378,191.057,184.78,188.318,183.753,185.351,183.411,184.552,182.954,183.639,182.84,182.726,184.894,183.753,187.519,184.78,190.03]],"iscrowd":0},{"id":247,"image_id":40,"category_id":1,"bbox":[192,176,8.902,8.218],"area":73.155,"segmentation":[[192.541,178.389,191.856,182.726,194.938,184.438,197.791,184.095,200.759,182.269,200.759,179.53,197.677,177.476,197.221,176.905,196.992,176.22,194.139,176.563,192.541,178.389]],"iscrowd":0},{"id":248,"image_id":40,"category_id":1,"bbox":[218,201,4.337,6.049],"area":26.235,"segmentation":[[218.449,205.78,219.476,207.264,221.188,206.808,221.987,204.411,222.101,203.612,220.389,202.585,219.362,201.9,218.335,201.215,217.764,203.041,218.449,205.78]],"iscrowd":0},{"id":249,"image_id":40,"category_id":1,"bbox":[215,191,5.364,7.533],"area":40.407,"segmentation":[[215.063,193.836,215.405,195.89,217.574,198.516,220.199,197.717,220.427,195.776,219.058,194.064,217.688,192.352,217.346,191.896,216.433,190.983,215.405,192.124,215.063,193.836]],"iscrowd":0},{"id":250,"image_id":40,"category_id":1,"bbox":[239,203,15.182,12.777],"area":193.967,"segmentation":[[246.662,215.698,250.871,215.397,253.426,213.594,254.028,210.437,251.623,206.078,246.211,203.673,243.806,202.921,242.454,202.921,240.75,203.652,240.8,203.673,238.846,205.777,239.447,210.587,241.251,213.744,246.662,215.698]],"iscrowd":0},{"id":251,"image_id":40,"category_id":1,"bbox":[249,186,18.488,18.338],"area":339.042,"segmentation":[[249.819,195.256,251.623,197.961,251.623,198.111,252.524,197.51,252.374,195.256,252.374,192.4,252.524,190.145,254.929,188.491,258.988,188.341,260.792,189.093,262.445,191.798,262.595,194.805,261.844,198.412,260.19,201.118,260.19,203.974,263.798,202.921,265.151,201.418,266.954,198.412,267.405,193.903,266.504,191.498,264.7,189.243,262.746,187.439,260.491,185.786,257.936,185.636,255.08,185.936,252.074,186.688,249.669,188.491,248.917,193.001,249.819,195.256]],"iscrowd":0},{"id":252,"image_id":41,"category_id":1,"bbox":[155,194,10.9,8.8],"area":95.92,"segmentation":[[156.5,195.5,155.1,197.6,155,198.5,156.4,200.9,159,201.9,162,202.7,164.2,202.4,165.9,200.6,165.3,196.9,163.7,195.4,162.2,194.8,159.8,193.9,158.3,194.4,156.5,195.5]],"iscrowd":0},{"id":253,"image_id":41,"category_id":1,"bbox":[166,188,9.2,9.2],"area":84.64,"segmentation":[[167.1,189.3,166.1,190.5,165.5,194.5,166.8,195.9,169.9,196.8,172.2,196.9,174.1,194.9,174.7,193.4,174.7,191.5,173.9,190.3,171.5,188.8,170.9,188.5,170.6,187.7,168.9,188,167.1,189.3]],"iscrowd":0},{"id":254,"image_id":41,"category_id":1,"bbox":[179,172,12.6,9.1],"area":114.66,"segmentation":[[179.1,174.6,179.7,175.7,181.8,178.4,183.7,180.2,186.4,180.8,189.1,179.5,191.7,175.4,191.3,173.9,189.3,172.6,185.7,172,182.9,171.7,182,171.8,179.9,172.8,179.1,174.6]],"iscrowd":0},{"id":255,"image_id":41,"category_id":1,"bbox":[194,168,8.7,7.5],"area":65.25,"segmentation":[[194.6,169.2,194,171.5,193.5,173.6,195.4,175.2,197.7,175.7,199.9,175.6,201.4,174.1,202.2,172.3,201.6,170.5,200.6,169,199.5,168.2,195.5,168.8,194.6,169.2]],"iscrowd":0},{"id":256,"image_id":41,"category_id":1,"bbox":[226,33,5,6.6],"area":33,"segmentation":[[226.3,35.9,225.9,37.7,226.7,39.5,228.6,39.4,230.3,38,230.9,36.4,230.8,34.3,230.5,33.2,229.5,33.2,228,32.9,226.9,34.7,226.3,35.9]],"iscrowd":0},{"id":257,"image_id":41,"category_id":1,"bbox":[310,201,10.8,9.2],"area":99.36,"segmentation":[[310.4,203.1,309.7,204.6,309.5,206.6,310.7,208.2,313.4,209.3,316.95,209.9,319.45,208.9,320.3,207.1,319.9,205.3,318.5,202.9,317.5,202.1,315.2,201.4,313.4,200.7,311.6,202.1,310.4,203.1]],"iscrowd":0},{"id":258,"image_id":41,"category_id":1,"bbox":[326,196,9.2,8],"area":73.6,"segmentation":[[325.9,200.1,325.9,202.1,327.6,203.7,329.7,204.2,331.2,204.1,332.9,203.2,334.75,202.1,335.1,200.3,335.1,198.1,334,196.7,332.8,196.4,331.6,196.3,329.6,196.2,326.8,198.2,325.9,200.1]],"iscrowd":0},{"id":259,"image_id":42,"category_id":1,"bbox":[202,197,11.5,9.3],"area":106.95,"segmentation":[[202.1,203.3,204.55,205,208.6,206.3,212,206.4,213.4,203.5,212.4,201.4,209.7,198.9,207.4,197.1,204.3,197.6,202.9,198.4,202.2,199,201.9,201.1,202.1,203.3]],"iscrowd":0},{"id":260,"image_id":42,"category_id":1,"bbox":[212,191,11.7,10.9],"area":127.53,"segmentation":[[213,193.1,212.2,194.9,212.9,199.7,217.9,201.6,221.15,200.8,223,199.3,223.9,196,222.6,193.2,221.4,192.4,220.2,190.7,217.3,191.5,213,193.1]],"iscrowd":0},{"id":261,"image_id":42,"category_id":1,"bbox":[230,181,12.15,12.6],"area":153.09,"segmentation":[[230.05,187.65,231.5,189.2,233.8,192.5,237.5,193.6,240.5,192.9,242.2,190.6,241.6,186.9,240.3,185.2,237.9,183.9,235.5,182.2,234.3,181,232.05,183.3,230.05,187.65]],"iscrowd":0},{"id":262,"image_id":42,"category_id":1,"bbox":[247,177,10.15,10.5],"area":106.575,"segmentation":[[246.6,182.6,247.9,185.5,250.7,187.4,254.3,186.6,256.4,184.6,256.75,181.5,255.1,179.1,252.3,178.2,250.2,176.9,247.6,179.6,246.6,182.6]],"iscrowd":0},{"id":263,"image_id":42,"category_id":1,"bbox":[403,223,13.8,11.8],"area":162.84,"segmentation":[[406.2,226.6,403.3,229.6,406.7,232.9,411.1,235,414.8,233.7,416.5,231.8,417.1,227.9,415.9,225.5,412.3,223.2,410.7,223.5,410.7,224.2,408.7,225.3,406.2,226.6]],"iscrowd":0},{"id":264,"image_id":42,"category_id":1,"bbox":[425,218,14.2,10.1],"area":143.42,"segmentation":[[426.1,222,425.4,224.8,427.3,226.9,430.4,228.2,434.2,228.2,438.4,226.2,439.6,224.9,439.2,222.6,436,220.2,433.6,219.3,432.3,218.1,427.75,220.15,426.1,222]],"iscrowd":0}]}