[
    {
        "id": 0,
        "major_axis_length": 49.35280990600586,
        "minor_axis_length": 33.476409912109375,
        "mean_depth": 871.828125,
        "real_major_axis_length": 0,
        "real_minor_axis_length": 0,
        "file_name": "nisan42",
        "measure_id": 3
    },
    {
        "id": 1,
        "major_axis_length": 47.210044860839844,
        "minor_axis_length": 39.65730285644531,
        "mean_depth": 851.0,
        "real_major_axis_length": 0,
        "real_minor_axis_length": 0,
        "file_name": "nisan42",
        "measure_id": 6
    },
    {
        "id": 2,
        "major_axis_length": 52.23452377319336,
        "minor_axis_length": 44.984989166259766,
        "mean_depth": 745.0853881835938,
        "real_major_axis_length": 0,
        "real_minor_axis_length": 0,
        "file_name": "nisan42",
        "measure_id": 4
    },
    {
        "id": 3,
        "major_axis_length": 53.08689498901367,
        "minor_axis_length": 42.691749572753906,
        "mean_depth": 742.0555419921875,
        "real_major_axis_length": 0,
        "real_minor_axis_length": 0,
        "file_name": "nisan42",
        "measure_id": 5
    },
    {
        "id": 4,
        "major_axis_length": 43.36862564086914,
        "minor_axis_length": 38.854366302490234,
        "mean_depth": 717.6666870117188,
        "real_major_axis_length": 0,
        "real_minor_axis_length": 0,
        "file_name": "nisan42",
        "measure_id": 7
    },
    {
        "id": 5,
        "major_axis_length": 67.70164489746094,
        "minor_axis_length": 54.781803131103516,
        "mean_depth": 553.2155151367188,
        "real_major_axis_length": 0,
        "real_minor_axis_length": 0,
        "file_name": "nisan42",
        "measure_id": 1
    },
    {
        "id": 6,
        "major_axis_length": 69.95704650878906,
        "minor_axis_length": 53.93404006958008,
        "mean_depth": 541.2060546875,
        "real_major_axis_length": 0,
        "real_minor_axis_length": 0,
        "file_name": "nisan42",
        "measure_id": 2
    },
    {
        "id": 7,
        "major_axis_length": 48.59236145019531,
        "minor_axis_length": 38.09944534301758,
        "mean_depth": 941.9560546875,
        "real_major_axis_length": 0,
        "real_minor_axis_length": 0,
        "file_name": "nisan12",
        "measure_id": 3
    },
    {
        "id": 8,
        "major_axis_length": 44.25975036621094,
        "minor_axis_length": 36.306461334228516,
        "mean_depth": 933.6701049804688,
        "real_major_axis_length": 0,
        "real_minor_axis_length": 0,
        "file_name": "nisan12",
        "measure_id": 6
    },
    {
        "id": 9,
        "major_axis_length": 46.46940994262695,
        "minor_axis_length": 35.63985061645508,
        "mean_depth": 857.9734497070312,
        "real_major_axis_length": 0,
        "real_minor_axis_length": 0,
        "file_name": "nisan12",
        "measure_id": 4
    },
    {
        "id": 10,
        "major_axis_length": 43.440399169921875,
        "minor_axis_length": 35.63623809814453,
        "mean_depth": 868.5579223632812,
        "real_major_axis_length": 0,
        "real_minor_axis_length": 0,
        "file_name": "nisan12",
        "measure_id": 5
    },
    {
        "id": 11,
        "major_axis_length": 31.128774642944336,
        "minor_axis_length": 24.084211349487305,
        "mean_depth": 1017.272705078125,
        "real_major_axis_length": 0,
        "real_minor_axis_length": 0,
        "file_name": "nisan12",
        "measure_id": 7
    },
    {
        "id": 12,
        "major_axis_length": 52.69744873046875,
        "minor_axis_length": 45.36857223510742,
        "mean_depth": 791.8055419921875,
        "real_major_axis_length": 0,
        "real_minor_axis_length": 0,
        "file_name": "nisan12",
        "measure_id": 1
    },
    {
        "id": 13,
        "major_axis_length": 47.922569274902344,
        "minor_axis_length": 38.78689956665039,
        "mean_depth": 794.038818359375,
        "real_major_axis_length": 0,
        "real_minor_axis_length": 0,
        "file_name": "nisan12",
        "measure_id": 2
    },
    {
        "id": 14,
        "major_axis_length": 63.19486999511719,
        "minor_axis_length": 53.6199836730957,
        "mean_depth": 732.01904296875,
        "real_major_axis_length": 0,
        "real_minor_axis_length": 0,
        "file_name": "nisan48",
        "measure_id": 3
    },
    {
        "id": 15,
        "major_axis_length": 49.81504821777344,
        "minor_axis_length": 39.86279296875,
        "mean_depth": 737.6788940429688,
        "real_major_axis_length": 0,
        "real_minor_axis_length": 0,
        "file_name": "nisan48",
        "measure_id": 6
    },
    {
        "id": 16,
        "major_axis_length": 59.485511779785156,
        "minor_axis_length": 48.83664321899414,
        "mean_depth": 695.9925537109375,
        "real_major_axis_length": 0,
        "real_minor_axis_length": 0,
        "file_name": "nisan48",
        "measure_id": 4
    },
    {
        "id": 17,
        "major_axis_length": 57.707275390625,
        "minor_axis_length": 34.83671569824219,
        "mean_depth": 711.95947265625,
        "real_major_axis_length": 0,
        "real_minor_axis_length": 0,
        "file_name": "nisan48",
        "measure_id": 5
    },
    {
        "id": 18,
        "major_axis_length": 54.95289611816406,
        "minor_axis_length": 35.81265640258789,
        "mean_depth": 892.2266845703125,
        "real_major_axis_length": 0,
        "real_minor_axis_length": 0,
        "file_name": "nisan48",
        "measure_id": 1
    },
    {
        "id": 19,
        "major_axis_length": 43.68622970581055,
        "minor_axis_length": 37.704437255859375,
        "mean_depth": 894.25,
        "real_major_axis_length": 0,
        "real_minor_axis_length": 0,
        "file_name": "nisan48",
        "measure_id": 2
    },
    {
        "id": 20,
        "major_axis_length": 46.98847579956055,
        "minor_axis_length": 33.319366455078125,
        "mean_depth": 859.8070068359375,
        "real_major_axis_length": 0,
        "real_minor_axis_length": 0,
        "file_name": "nisan35",
        "measure_id": 4
    },
    {
        "id": 21,
        "major_axis_length": 44.63162612915039,
        "minor_axis_length": 37.7238655090332,
        "mean_depth": 842.7096557617188,
        "real_major_axis_length": 0,
        "real_minor_axis_length": 0,
        "file_name": "nisan35",
        "measure_id": 5
    },
    {
        "id": 22,
        "major_axis_length": 42.43665313720703,
        "minor_axis_length": 27.421451568603516,
        "mean_depth": 989.1538696289062,
        "real_major_axis_length": 0,
        "real_minor_axis_length": 0,
        "file_name": "nisan35",
        "measure_id": 3
    },
    {
        "id": 23,
        "major_axis_length": 40.742740631103516,
        "minor_axis_length": 34.323490142822266,
        "mean_depth": 945.772705078125,
        "real_major_axis_length": 0,
        "real_minor_axis_length": 0,
        "file_name": "nisan35",
        "measure_id": 6
    },
    {
        "id": 24,
        "major_axis_length": 37.905662536621094,
        "minor_axis_length": 34.25950241088867,
        "mean_depth": 819.7678833007812,
        "real_major_axis_length": 0,
        "real_minor_axis_length": 0,
        "file_name": "nisan35",
        "measure_id": 7
    },
    {
        "id": 25,
        "major_axis_length": 77.26832580566406,
        "minor_axis_length": 50.73857879638672,
        "mean_depth": 535.445068359375,
        "real_major_axis_length": 0,
        "real_minor_axis_length": 0,
        "file_name": "nisan35",
        "measure_id": 1
    },
    {
        "id": 26,
        "major_axis_length": 78.48970031738281,
        "minor_axis_length": 63.29972839355469,
        "mean_depth": 517.921875,
        "real_major_axis_length": 0,
        "real_minor_axis_length": 0,
        "file_name": "nisan35",
        "measure_id": 2
    },
    {
        "id": 27,
        "major_axis_length": 32.59770965576172,
        "minor_axis_length": 23.845191955566406,
        "mean_depth": 1286.1578369140625,
        "real_major_axis_length": 0,
        "real_minor_axis_length": 0,
        "file_name": "nisan39",
        "measure_id": 3
    },
    {
        "id": 28,
        "major_axis_length": 31.070228576660156,
        "minor_axis_length": 27.99124526977539,
        "mean_depth": 1269.6666259765625,
        "real_major_axis_length": 0,
        "real_minor_axis_length": 0,
        "file_name": "nisan39",
        "measure_id": 6
    },
    {
        "id": 29,
        "major_axis_length": 35.00395584106445,
        "minor_axis_length": 26.390899658203125,
        "mean_depth": 1154.51611328125,
        "real_major_axis_length": 0,
        "real_minor_axis_length": 0,
        "file_name": "nisan39",
        "measure_id": 4
    },
    {
        "id": 30,
        "major_axis_length": 35.75748062133789,
        "minor_axis_length": 28.447307586669922,
        "mean_depth": 1142.0,
        "real_major_axis_length": 0,
        "real_minor_axis_length": 0,
        "file_name": "nisan39",
        "measure_id": 5
    },
    {
        "id": 31,
        "major_axis_length": 28.28794288635254,
        "minor_axis_length": 25.464937210083008,
        "mean_depth": 1085.15625,
        "real_major_axis_length": 0,
        "real_minor_axis_length": 0,
        "file_name": "nisan39",
        "measure_id": 7
    },
    {
        "id": 32,
        "major_axis_length": 42.94571304321289,
        "minor_axis_length": 31.037324905395508,
        "mean_depth": 948.2999877929688,
        "real_major_axis_length": 0,
        "real_minor_axis_length": 0,
        "file_name": "nisan39",
        "measure_id": 1
    },
    {
        "id": 33,
        "major_axis_length": 39.57761764526367,
        "minor_axis_length": 32.88994216918945,
        "mean_depth": 927.8599853515625,
        "real_major_axis_length": 0,
        "real_minor_axis_length": 0,
        "file_name": "nisan39",
        "measure_id": 2
    },
    {
        "id": 34,
        "major_axis_length": 52.19355010986328,
        "minor_axis_length": 42.06130599975586,
        "mean_depth": 835.1008911132812,
        "real_major_axis_length": 4.3,
        "real_minor_axis_length": 3.4,
        "file_name": "nisan9",
        "measure_id": 3
    },
    {
        "id": 35,
        "major_axis_length": 46.77888488769531,
        "minor_axis_length": 40.324398040771484,
        "mean_depth": 816.9066772460938,
        "real_major_axis_length": 3.6,
        "real_minor_axis_length": 2.8,
        "file_name": "nisan9",
        "measure_id": 6
    },
    {
        "id": 36,
        "major_axis_length": 57.46122741699219,
        "minor_axis_length": 43.5650749206543,
        "mean_depth": 720.51611328125,
        "real_major_axis_length": 3.5,
        "real_minor_axis_length": 2.7,
        "file_name": "nisan9",
        "measure_id": 4
    },
    {
        "id": 37,
        "major_axis_length": 58.16885757446289,
        "minor_axis_length": 44.591026306152344,
        "mean_depth": 726.5357055664062,
        "real_major_axis_length": 3.3,
        "real_minor_axis_length": 3.1,
        "file_name": "nisan9",
        "measure_id": 5
    },
    {
        "id": 38,
        "major_axis_length": 83.46885681152344,
        "minor_axis_length": 57.09571838378906,
        "mean_depth": 604.0457763671875,
        "real_major_axis_length": 3.7,
        "real_minor_axis_length": 2.8,
        "file_name": "nisan9",
        "measure_id": 1
    },
    {
        "id": 39,
        "major_axis_length": 74.3982162475586,
        "minor_axis_length": 54.54123306274414,
        "mean_depth": 599.46630859375,
        "real_major_axis_length": 3.4,
        "real_minor_axis_length": 2.7,
        "file_name": "nisan9",
        "measure_id": 2
    },
    {
        "id": 40,
        "major_axis_length": 42.746700286865234,
        "minor_axis_length": 32.698997497558594,
        "mean_depth": 1124.8428955078125,
        "real_major_axis_length": 0,
        "real_minor_axis_length": 0,
        "file_name": "nisan67",
        "measure_id": 3
    },
    {
        "id": 41,
        "major_axis_length": 34.524627685546875,
        "minor_axis_length": 27.773422241210938,
        "mean_depth": 1111.2093505859375,
        "real_major_axis_length": 0,
        "real_minor_axis_length": 0,
        "file_name": "nisan67",
        "measure_id": 6
    },
    {
        "id": 42,
        "major_axis_length": 45.61613464355469,
        "minor_axis_length": 30.632173538208008,
        "mean_depth": 1015.3255615234375,
        "real_major_axis_length": 0,
        "real_minor_axis_length": 0,
        "file_name": "nisan67",
        "measure_id": 4
    },
    {
        "id": 43,
        "major_axis_length": 40.76984786987305,
        "minor_axis_length": 33.08917999267578,
        "mean_depth": 1020.3333129882812,
        "real_major_axis_length": 0,
        "real_minor_axis_length": 0,
        "file_name": "nisan67",
        "measure_id": 5
    },
    {
        "id": 44,
        "major_axis_length": 32.865509033203125,
        "minor_axis_length": 29.668392181396484,
        "mean_depth": 925.5625,
        "real_major_axis_length": 0,
        "real_minor_axis_length": 0,
        "file_name": "nisan67",
        "measure_id": 7
    },
    {
        "id": 45,
        "major_axis_length": 52.01880645751953,
        "minor_axis_length": 35.69019317626953,
        "mean_depth": 1008.02197265625,
        "real_major_axis_length": 0,
        "real_minor_axis_length": 0,
        "file_name": "nisan67",
        "measure_id": 1
    },
    {
        "id": 46,
        "major_axis_length": 47.87104797363281,
        "minor_axis_length": 35.85090637207031,
        "mean_depth": 995.4067993164062,
        "real_major_axis_length": 0,
        "real_minor_axis_length": 0,
        "file_name": "nisan67",
        "measure_id": 2
    },
    {
        "id": 47,
        "major_axis_length": 53.803489685058594,
        "minor_axis_length": 45.28644561767578,
        "mean_depth": 849.0,
        "real_major_axis_length": 0,
        "real_minor_axis_length": 0,
        "file_name": "nisan16",
        "measure_id": 3
    },
    {
        "id": 48,
        "major_axis_length": 45.845760345458984,
        "minor_axis_length": 36.78361129760742,
        "mean_depth": 834.9053955078125,
        "real_major_axis_length": 0,
        "real_minor_axis_length": 0,
        "file_name": "nisan16",
        "measure_id": 6
    },
    {
        "id": 49,
        "major_axis_length": 62.50655746459961,
        "minor_axis_length": 43.75945281982422,
        "mean_depth": 721.731689453125,
        "real_major_axis_length": 0,
        "real_minor_axis_length": 0,
        "file_name": "nisan16",
        "measure_id": 4
    },
    {
        "id": 50,
        "major_axis_length": 55.021263122558594,
        "minor_axis_length": 49.836021423339844,
        "mean_depth": 722.4963989257812,
        "real_major_axis_length": 0,
        "real_minor_axis_length": 0,
        "file_name": "nisan16",
        "measure_id": 5
    },
    {
        "id": 51,
        "major_axis_length": 43.834346771240234,
        "minor_axis_length": 40.04901885986328,
        "mean_depth": 647.042236328125,
        "real_major_axis_length": 0,
        "real_minor_axis_length": 0,
        "file_name": "nisan16",
        "measure_id": 7
    },
    {
        "id": 52,
        "major_axis_length": 100.04006958007812,
        "minor_axis_length": 61.25643539428711,
        "mean_depth": 642.2044067382812,
        "real_major_axis_length": 0,
        "real_minor_axis_length": 0,
        "file_name": "nisan16",
        "measure_id": 1
    },
    {
        "id": 53,
        "major_axis_length": 75.39324951171875,
        "minor_axis_length": 60.1031608581543,
        "mean_depth": 624.9166870117188,
        "real_major_axis_length": 0,
        "real_minor_axis_length": 0,
        "file_name": "nisan16",
        "measure_id": 2
    },
    {
        "id": 54,
        "major_axis_length": 61.89344787597656,
        "minor_axis_length": 47.55574417114258,
        "mean_depth": 762.6666870117188,
        "real_major_axis_length": 0,
        "real_minor_axis_length": 0,
        "file_name": "nisan46",
        "measure_id": 3
    },
    {
        "id": 55,
        "major_axis_length": 50.97968673706055,
        "minor_axis_length": 41.069305419921875,
        "mean_depth": 754.90625,
        "real_major_axis_length": 0,
        "real_minor_axis_length": 0,
        "file_name": "nisan46",
        "measure_id": 6
    },
    {
        "id": 56,
        "major_axis_length": 65.14356231689453,
        "minor_axis_length": 49.85002136230469,
        "mean_depth": 657.1738891601562,
        "real_major_axis_length": 0,
        "real_minor_axis_length": 0,
        "file_name": "nisan46",
        "measure_id": 4
    },
    {
        "id": 57,
        "major_axis_length": 56.162498474121094,
        "minor_axis_length": 48.08940505981445,
        "mean_depth": 671.1397094726562,
        "real_major_axis_length": 0,
        "real_minor_axis_length": 0,
        "file_name": "nisan46",
        "measure_id": 5
    },
    {
        "id": 58,
        "major_axis_length": 75.90287017822266,
        "minor_axis_length": 45.65497970581055,
        "mean_depth": 686.2980346679688,
        "real_major_axis_length": 0,
        "real_minor_axis_length": 0,
        "file_name": "nisan46",
        "measure_id": 1
    },
    {
        "id": 59,
        "major_axis_length": 67.64220428466797,
        "minor_axis_length": 51.960357666015625,
        "mean_depth": 538.739990234375,
        "real_major_axis_length": 0,
        "real_minor_axis_length": 0,
        "file_name": "nisan46",
        "measure_id": 2
    },
    {
        "id": 60,
        "major_axis_length": 51.37852096557617,
        "minor_axis_length": 38.96187210083008,
        "mean_depth": 855.6071166992188,
        "real_major_axis_length": 4.3,
        "real_minor_axis_length": 3.4,
        "file_name": "nisan4",
        "measure_id": 3
    },
    {
        "id": 61,
        "major_axis_length": 44.85316848754883,
        "minor_axis_length": 34.664398193359375,
        "mean_depth": 839.6206665039062,
        "real_major_axis_length": 3.6,
        "real_minor_axis_length": 2.8,
        "file_name": "nisan4",
        "measure_id": 6
    },
    {
        "id": 62,
        "major_axis_length": 56.40465545654297,
        "minor_axis_length": 40.31568908691406,
        "mean_depth": 743.7872314453125,
        "real_major_axis_length": 3.5,
        "real_minor_axis_length": 2.7,
        "file_name": "nisan4",
        "measure_id": 4
    },
    {
        "id": 63,
        "major_axis_length": 45.884521484375,
        "minor_axis_length": 43.6749382019043,
        "mean_depth": 752.4074096679688,
        "real_major_axis_length": 3.3,
        "real_minor_axis_length": 3.1,
        "file_name": "nisan4",
        "measure_id": 5
    },
    {
        "id": 64,
        "major_axis_length": 65.12429809570312,
        "minor_axis_length": 41.98561477661133,
        "mean_depth": 728.6732788085938,
        "real_major_axis_length": 3.7,
        "real_minor_axis_length": 2.8,
        "file_name": "nisan4",
        "measure_id": 1
    },
    {
        "id": 65,
        "major_axis_length": 59.092308044433594,
        "minor_axis_length": 44.060638427734375,
        "mean_depth": 725.521728515625,
        "real_major_axis_length": 3.4,
        "real_minor_axis_length": 2.7,
        "file_name": "nisan4",
        "measure_id": 2
    },
    {
        "id": 66,
        "major_axis_length": 47.848121643066406,
        "minor_axis_length": 32.019718170166016,
        "mean_depth": 833.5,
        "real_major_axis_length": 0,
        "real_minor_axis_length": 0,
        "file_name": "nisan37",
        "measure_id": 4
    },
    {
        "id": 67,
        "major_axis_length": 45.01506805419922,
        "minor_axis_length": 38.353973388671875,
        "mean_depth": 817.058837890625,
        "real_major_axis_length": 0,
        "real_minor_axis_length": 0,
        "file_name": "nisan37",
        "measure_id": 5
    },
    {
        "id": 68,
        "major_axis_length": 38.97636032104492,
        "minor_axis_length": 35.071815490722656,
        "mean_depth": 936.4117431640625,
        "real_major_axis_length": 0,
        "real_minor_axis_length": 0,
        "file_name": "nisan37",
        "measure_id": 6
    },
    {
        "id": 69,
        "major_axis_length": 45.54967498779297,
        "minor_axis_length": 29.321765899658203,
        "mean_depth": 977.5357055664062,
        "real_major_axis_length": 0,
        "real_minor_axis_length": 0,
        "file_name": "nisan37",
        "measure_id": 3
    },
    {
        "id": 70,
        "major_axis_length": 78.31169128417969,
        "minor_axis_length": 48.09006118774414,
        "mean_depth": 532.8373413085938,
        "real_major_axis_length": 0,
        "real_minor_axis_length": 0,
        "file_name": "nisan37",
        "measure_id": 1
    },
    {
        "id": 71,
        "major_axis_length": 76.76335906982422,
        "minor_axis_length": 61.526275634765625,
        "mean_depth": 513.0602416992188,
        "real_major_axis_length": 0,
        "real_minor_axis_length": 0,
        "file_name": "nisan37",
        "measure_id": 2
    },
    {
        "id": 72,
        "major_axis_length": 42.211700439453125,
        "minor_axis_length": 33.032676696777344,
        "mean_depth": 1123.48486328125,
        "real_major_axis_length": 0,
        "real_minor_axis_length": 0,
        "file_name": "nisan66",
        "measure_id": 3
    },
    {
        "id": 73,
        "major_axis_length": 34.53151321411133,
        "minor_axis_length": 27.320444107055664,
        "mean_depth": 1112.6666259765625,
        "real_major_axis_length": 0,
        "real_minor_axis_length": 0,
        "file_name": "nisan66",
        "measure_id": 6
    },
    {
        "id": 74,
        "major_axis_length": 42.84385681152344,
        "minor_axis_length": 30.17463493347168,
        "mean_depth": 1016.5999755859375,
        "real_major_axis_length": 0,
        "real_minor_axis_length": 0,
        "file_name": "nisan66",
        "measure_id": 4
    },
    {
        "id": 75,
        "major_axis_length": 39.12323760986328,
        "minor_axis_length": 35.41593551635742,
        "mean_depth": 1020.1346435546875,
        "real_major_axis_length": 0,
        "real_minor_axis_length": 0,
        "file_name": "nisan66",
        "measure_id": 5
    },
    {
        "id": 76,
        "major_axis_length": 29.936161041259766,
        "minor_axis_length": 29.388330459594727,
        "mean_depth": 927.423095703125,
        "real_major_axis_length": 0,
        "real_minor_axis_length": 0,
        "file_name": "nisan66",
        "measure_id": 7
    },
    {
        "id": 77,
        "major_axis_length": 49.438045501708984,
        "minor_axis_length": 34.58025360107422,
        "mean_depth": 1006.7125244140625,
        "real_major_axis_length": 0,
        "real_minor_axis_length": 0,
        "file_name": "nisan66",
        "measure_id": 1
    },
    {
        "id": 78,
        "major_axis_length": 45.173954010009766,
        "minor_axis_length": 37.28543472290039,
        "mean_depth": 998.1129150390625,
        "real_major_axis_length": 0,
        "real_minor_axis_length": 0,
        "file_name": "nisan66",
        "measure_id": 2
    },
    {
        "id": 79,
        "major_axis_length": 37.969635009765625,
        "minor_axis_length": 22.986080169677734,
        "mean_depth": 1150.3333740234375,
        "real_major_axis_length": 0,
        "real_minor_axis_length": 0,
        "file_name": "nisan41",
        "measure_id": 3
    },
    {
        "id": 80,
        "major_axis_length": 29.861413955688477,
        "minor_axis_length": 28.4145450592041,
        "mean_depth": 1116.239990234375,
        "real_major_axis_length": 0,
        "real_minor_axis_length": 0,
        "file_name": "nisan41",
        "measure_id": 6
    },
    {
        "id": 81,
        "major_axis_length": 37.941585540771484,
        "minor_axis_length": 31.581640243530273,
        "mean_depth": 1017.4375,
        "real_major_axis_length": 0,
        "real_minor_axis_length": 0,
        "file_name": "nisan41",
        "measure_id": 4
    },
    {
        "id": 82,
        "major_axis_length": 37.415748596191406,
        "minor_axis_length": 31.406930923461914,
        "mean_depth": 1015.125,
        "real_major_axis_length": 0,
        "real_minor_axis_length": 0,
        "file_name": "nisan41",
        "measure_id": 5
    },
    {
        "id": 83,
        "major_axis_length": 31.132530212402344,
        "minor_axis_length": 28.26045799255371,
        "mean_depth": 992.15625,
        "real_major_axis_length": 0,
        "real_minor_axis_length": 0,
        "file_name": "nisan41",
        "measure_id": 7
    },
    {
        "id": 84,
        "major_axis_length": 44.77949905395508,
        "minor_axis_length": 35.39084243774414,
        "mean_depth": 826.8928833007812,
        "real_major_axis_length": 0,
        "real_minor_axis_length": 0,
        "file_name": "nisan41",
        "measure_id": 1
    },
    {
        "id": 85,
        "major_axis_length": 46.27435302734375,
        "minor_axis_length": 36.14999771118164,
        "mean_depth": 810.4716796875,
        "real_major_axis_length": 0,
        "real_minor_axis_length": 0,
        "file_name": "nisan41",
        "measure_id": 2
    },
    {
        "id": 86,
        "major_axis_length": 46.355995178222656,
        "minor_axis_length": 37.8091926574707,
        "mean_depth": 945.586181640625,
        "real_major_axis_length": 0,
        "real_minor_axis_length": 0,
        "file_name": "nisan28",
        "measure_id": 3
    },
    {
        "id": 87,
        "major_axis_length": 42.380348205566406,
        "minor_axis_length": 31.565128326416016,
        "mean_depth": 942.375,
        "real_major_axis_length": 0,
        "real_minor_axis_length": 0,
        "file_name": "nisan28",
        "measure_id": 6
    },
    {
        "id": 88,
        "major_axis_length": 54.49766159057617,
        "minor_axis_length": 51.02046585083008,
        "mean_depth": 524.8604736328125,
        "real_major_axis_length": 0,
        "real_minor_axis_length": 0,
        "file_name": "nisan28",
        "measure_id": 7
    },
    {
        "id": 89,
        "major_axis_length": 53.27642822265625,
        "minor_axis_length": 41.945247650146484,
        "mean_depth": 836.1559448242188,
        "real_major_axis_length": 0,
        "real_minor_axis_length": 0,
        "file_name": "nisan28",
        "measure_id": 1
    },
    {
        "id": 90,
        "major_axis_length": 48.2276725769043,
        "minor_axis_length": 45.8541374206543,
        "mean_depth": 822.2913208007812,
        "real_major_axis_length": 0,
        "real_minor_axis_length": 0,
        "file_name": "nisan28",
        "measure_id": 2
    },
    {
        "id": 91,
        "major_axis_length": 52.33696746826172,
        "minor_axis_length": 43.15134811401367,
        "mean_depth": 844.8515014648438,
        "real_major_axis_length": 0,
        "real_minor_axis_length": 0,
        "file_name": "nisan45",
        "measure_id": 3
    },
    {
        "id": 92,
        "major_axis_length": 47.94692611694336,
        "minor_axis_length": 37.1524772644043,
        "mean_depth": 822.9397583007812,
        "real_major_axis_length": 0,
        "real_minor_axis_length": 0,
        "file_name": "nisan45",
        "measure_id": 6
    },
    {
        "id": 93,
        "major_axis_length": 58.67033004760742,
        "minor_axis_length": 44.13837814331055,
        "mean_depth": 717.3265380859375,
        "real_major_axis_length": 0,
        "real_minor_axis_length": 0,
        "file_name": "nisan45",
        "measure_id": 4
    },
    {
        "id": 94,
        "major_axis_length": 52.486778259277344,
        "minor_axis_length": 45.717403411865234,
        "mean_depth": 720.6836547851562,
        "real_major_axis_length": 0,
        "real_minor_axis_length": 0,
        "file_name": "nisan45",
        "measure_id": 5
    },
    {
        "id": 95,
        "major_axis_length": 78.73664093017578,
        "minor_axis_length": 47.919490814208984,
        "mean_depth": 660.2344970703125,
        "real_major_axis_length": 0,
        "real_minor_axis_length": 0,
        "file_name": "nisan45",
        "measure_id": 1
    },
    {
        "id": 96,
        "major_axis_length": 69.56580352783203,
        "minor_axis_length": 51.26584243774414,
        "mean_depth": 651.950439453125,
        "real_major_axis_length": 0,
        "real_minor_axis_length": 0,
        "file_name": "nisan45",
        "measure_id": 2
    },
    {
        "id": 97,
        "major_axis_length": 72.61359405517578,
        "minor_axis_length": 58.602691650390625,
        "mean_depth": 671.5804443359375,
        "real_major_axis_length": 0,
        "real_minor_axis_length": 0,
        "file_name": "nisan56",
        "measure_id": 3
    },
    {
        "id": 98,
        "major_axis_length": 56.407196044921875,
        "minor_axis_length": 53.848594665527344,
        "mean_depth": 672.14794921875,
        "real_major_axis_length": 0,
        "real_minor_axis_length": 0,
        "file_name": "nisan56",
        "measure_id": 6
    },
    {
        "id": 99,
        "major_axis_length": 72.94337463378906,
        "minor_axis_length": 52.185001373291016,
        "mean_depth": 608.9238891601562,
        "real_major_axis_length": 0,
        "real_minor_axis_length": 0,
        "file_name": "nisan56",
        "measure_id": 4
    },
    {
        "id": 100,
        "major_axis_length": 59.96320724487305,
        "minor_axis_length": 45.4129753112793,
        "mean_depth": 625.2660522460938,
        "real_major_axis_length": 0,
        "real_minor_axis_length": 0,
        "file_name": "nisan56",
        "measure_id": 5
    },
    {
        "id": 101,
        "major_axis_length": 62.080387115478516,
        "minor_axis_length": 47.17288589477539,
        "mean_depth": 717.279052734375,
        "real_major_axis_length": 0,
        "real_minor_axis_length": 0,
        "file_name": "nisan56",
        "measure_id": 1
    },
    {
        "id": 102,
        "major_axis_length": 51.726627349853516,
        "minor_axis_length": 47.55299377441406,
        "mean_depth": 728.8919067382812,
        "real_major_axis_length": 0,
        "real_minor_axis_length": 0,
        "file_name": "nisan56",
        "measure_id": 2
    },
    {
        "id": 103,
        "major_axis_length": 64.21196746826172,
        "minor_axis_length": 46.090965270996094,
        "mean_depth": 738.8828125,
        "real_major_axis_length": 4.3,
        "real_minor_axis_length": 3.4,
        "file_name": "nisan10",
        "measure_id": 3
    },
    {
        "id": 104,
        "major_axis_length": 62.390682220458984,
        "minor_axis_length": 47.610443115234375,
        "mean_depth": 730.0782470703125,
        "real_major_axis_length": 3.6,
        "real_minor_axis_length": 2.8,
        "file_name": "nisan10",
        "measure_id": 6
    },
    {
        "id": 105,
        "major_axis_length": 62.38515090942383,
        "minor_axis_length": 51.21579360961914,
        "mean_depth": 645.7816162109375,
        "real_major_axis_length": 3.5,
        "real_minor_axis_length": 2.7,
        "file_name": "nisan10",
        "measure_id": 4
    },
    {
        "id": 106,
        "major_axis_length": 64.23117065429688,
        "minor_axis_length": 47.74256896972656,
        "mean_depth": 658.719482421875,
        "real_major_axis_length": 0,
        "real_minor_axis_length": 0,
        "file_name": "nisan10",
        "measure_id": 5
    },
    {
        "id": 107,
        "major_axis_length": 42.12744140625,
        "minor_axis_length": 35.51058578491211,
        "mean_depth": 774.5,
        "real_major_axis_length": 0,
        "real_minor_axis_length": 0,
        "file_name": "nisan10",
        "measure_id": 7
    },
    {
        "id": 108,
        "major_axis_length": 73.40496826171875,
        "minor_axis_length": 57.13538360595703,
        "mean_depth": 572.6363525390625,
        "real_major_axis_length": 0,
        "real_minor_axis_length": 0,
        "file_name": "nisan10",
        "measure_id": 1
    },
    {
        "id": 109,
        "major_axis_length": 68.23316192626953,
        "minor_axis_length": 53.38871383666992,
        "mean_depth": 578.1428833007812,
        "real_major_axis_length": 0,
        "real_minor_axis_length": 0,
        "file_name": "nisan10",
        "measure_id": 2
    },
    {
        "id": 110,
        "major_axis_length": 40.70244598388672,
        "minor_axis_length": 34.67012023925781,
        "mean_depth": 1048.387451171875,
        "real_major_axis_length": 0,
        "real_minor_axis_length": 0,
        "file_name": "nisan60",
        "measure_id": 3
    },
    {
        "id": 111,
        "major_axis_length": 38.21040344238281,
        "minor_axis_length": 34.429710388183594,
        "mean_depth": 1029.0,
        "real_major_axis_length": 0,
        "real_minor_axis_length": 0,
        "file_name": "nisan60",
        "measure_id": 6
    },
    {
        "id": 112,
        "major_axis_length": 45.54458999633789,
        "minor_axis_length": 33.726593017578125,
        "mean_depth": 931.1519165039062,
        "real_major_axis_length": 0,
        "real_minor_axis_length": 0,
        "file_name": "nisan60",
        "measure_id": 4
    },
    {
        "id": 113,
        "major_axis_length": 40.219444274902344,
        "minor_axis_length": 37.425453186035156,
        "mean_depth": 938.2111206054688,
        "real_major_axis_length": 0,
        "real_minor_axis_length": 0,
        "file_name": "nisan60",
        "measure_id": 5
    },
    {
        "id": 114,
        "major_axis_length": 29.9805965423584,
        "minor_axis_length": 26.536653518676758,
        "mean_depth": 993.4615478515625,
        "real_major_axis_length": 0,
        "real_minor_axis_length": 0,
        "file_name": "nisan60",
        "measure_id": 7
    },
    {
        "id": 115,
        "major_axis_length": 55.52143096923828,
        "minor_axis_length": 37.76130294799805,
        "mean_depth": 833.686767578125,
        "real_major_axis_length": 0,
        "real_minor_axis_length": 0,
        "file_name": "nisan60",
        "measure_id": 1
    },
    {
        "id": 116,
        "major_axis_length": 52.795841217041016,
        "minor_axis_length": 35.198753356933594,
        "mean_depth": 829.3521118164062,
        "real_major_axis_length": 0,
        "real_minor_axis_length": 0,
        "file_name": "nisan60",
        "measure_id": 2
    },
    {
        "id": 117,
        "major_axis_length": 63.62207794189453,
        "minor_axis_length": 45.23311996459961,
        "mean_depth": 750.2557983398438,
        "real_major_axis_length": 0,
        "real_minor_axis_length": 0,
        "file_name": "nisan20",
        "measure_id": 3
    },
    {
        "id": 118,
        "major_axis_length": 55.80909729003906,
        "minor_axis_length": 43.58769226074219,
        "mean_depth": 737.2056274414062,
        "real_major_axis_length": 0,
        "real_minor_axis_length": 0,
        "file_name": "nisan20",
        "measure_id": 6
    },
    {
        "id": 119,
        "major_axis_length": 68.15232849121094,
        "minor_axis_length": 50.34754180908203,
        "mean_depth": 642.7985229492188,
        "real_major_axis_length": 0,
        "real_minor_axis_length": 0,
        "file_name": "nisan20",
        "measure_id": 4
    },
    {
        "id": 120,
        "major_axis_length": 58.32122802734375,
        "minor_axis_length": 52.08224105834961,
        "mean_depth": 653.5376586914062,
        "real_major_axis_length": 0,
        "real_minor_axis_length": 0,
        "file_name": "nisan20",
        "measure_id": 5
    },
    {
        "id": 121,
        "major_axis_length": 67.47993469238281,
        "minor_axis_length": 49.57301712036133,
        "mean_depth": 637.4017944335938,
        "real_major_axis_length": 0,
        "real_minor_axis_length": 0,
        "file_name": "nisan20",
        "measure_id": 1
    },
    {
        "id": 122,
        "major_axis_length": 60.75168228149414,
        "minor_axis_length": 48.5382194519043,
        "mean_depth": 636.5172119140625,
        "real_major_axis_length": 0,
        "real_minor_axis_length": 0,
        "file_name": "nisan20",
        "measure_id": 2
    },
    {
        "id": 123,
        "major_axis_length": 42.513858795166016,
        "minor_axis_length": 35.46855545043945,
        "mean_depth": 1027.3333740234375,
        "real_major_axis_length": 0,
        "real_minor_axis_length": 0,
        "file_name": "nisan13",
        "measure_id": 3
    },
    {
        "id": 124,
        "major_axis_length": 41.804073333740234,
        "minor_axis_length": 31.060810089111328,
        "mean_depth": 1021.4634399414062,
        "real_major_axis_length": 0,
        "real_minor_axis_length": 0,
        "file_name": "nisan13",
        "measure_id": 6
    },
    {
        "id": 125,
        "major_axis_length": 39.86842727661133,
        "minor_axis_length": 33.06991958618164,
        "mean_depth": 961.5244140625,
        "real_major_axis_length": 0,
        "real_minor_axis_length": 0,
        "file_name": "nisan13",
        "measure_id": 4
    },
    {
        "id": 126,
        "major_axis_length": 42.73872375488281,
        "minor_axis_length": 33.094200134277344,
        "mean_depth": 968.7313232421875,
        "real_major_axis_length": 0,
        "real_minor_axis_length": 0,
        "file_name": "nisan13",
        "measure_id": 5
    },
    {
        "id": 127,
        "major_axis_length": 25.394651412963867,
        "minor_axis_length": 21.361066818237305,
        "mean_depth": 1172.4761962890625,
        "real_major_axis_length": 0,
        "real_minor_axis_length": 0,
        "file_name": "nisan13",
        "measure_id": 7
    },
    {
        "id": 128,
        "major_axis_length": 48.883209228515625,
        "minor_axis_length": 41.21124267578125,
        "mean_depth": 844.0916748046875,
        "real_major_axis_length": 0,
        "real_minor_axis_length": 0,
        "file_name": "nisan13",
        "measure_id": 1
    },
    {
        "id": 129,
        "major_axis_length": 44.723514556884766,
        "minor_axis_length": 37.692909240722656,
        "mean_depth": 844.7283935546875,
        "real_major_axis_length": 0,
        "real_minor_axis_length": 0,
        "file_name": "nisan13",
        "measure_id": 2
    },
    {
        "id": 130,
        "major_axis_length": 51.30477523803711,
        "minor_axis_length": 41.620635986328125,
        "mean_depth": 843.53125,
        "real_major_axis_length": 0,
        "real_minor_axis_length": 0,
        "file_name": "nisan44",
        "measure_id": 3
    },
    {
        "id": 131,
        "major_axis_length": 48.140899658203125,
        "minor_axis_length": 38.92227554321289,
        "mean_depth": 825.24072265625,
        "real_major_axis_length": 0,
        "real_minor_axis_length": 0,
        "file_name": "nisan44",
        "measure_id": 6
    },
    {
        "id": 132,
        "major_axis_length": 58.75916290283203,
        "minor_axis_length": 43.7104606628418,
        "mean_depth": 716.1351318359375,
        "real_major_axis_length": 0,
        "real_minor_axis_length": 0,
        "file_name": "nisan44",
        "measure_id": 4
    },
    {
        "id": 133,
        "major_axis_length": 52.96135711669922,
        "minor_axis_length": 47.567604064941406,
        "mean_depth": 720.120849609375,
        "real_major_axis_length": 0,
        "real_minor_axis_length": 0,
        "file_name": "nisan44",
        "measure_id": 5
    },
    {
        "id": 134,
        "major_axis_length": 79.4480972290039,
        "minor_axis_length": 49.05653762817383,
        "mean_depth": 645.6356201171875,
        "real_major_axis_length": 0,
        "real_minor_axis_length": 0,
        "file_name": "nisan44",
        "measure_id": 1
    },
    {
        "id": 135,
        "major_axis_length": 67.22151947021484,
        "minor_axis_length": 49.59169387817383,
        "mean_depth": 638.6752319335938,
        "real_major_axis_length": 0,
        "real_minor_axis_length": 0,
        "file_name": "nisan44",
        "measure_id": 1
    },
    {
        "id": 136,
        "major_axis_length": 55.72730255126953,
        "minor_axis_length": 44.38584899902344,
        "mean_depth": 826.7678833007812,
        "real_major_axis_length": 0,
        "real_minor_axis_length": 0,
        "file_name": "nisan17",
        "measure_id": 3
    },
    {
        "id": 137,
        "major_axis_length": 48.114471435546875,
        "minor_axis_length": 38.02213668823242,
        "mean_depth": 804.2535400390625,
        "real_major_axis_length": 0,
        "real_minor_axis_length": 0,
        "file_name": "nisan17",
        "measure_id": 6
    },
    {
        "id": 138,
        "major_axis_length": 61.30437088012695,
        "minor_axis_length": 49.65195083618164,
        "mean_depth": 700.7324829101562,
        "real_major_axis_length": 0,
        "real_minor_axis_length": 0,
        "file_name": "nisan17",
        "measure_id": 4
    },
    {
        "id": 139,
        "major_axis_length": 53.5435676574707,
        "minor_axis_length": 52.00526428222656,
        "mean_depth": 703.8043212890625,
        "real_major_axis_length": 0,
        "real_minor_axis_length": 0,
        "file_name": "nisan17",
        "measure_id": 5
    },
    {
        "id": 140,
        "major_axis_length": 42.03893280029297,
        "minor_axis_length": 40.78535842895508,
        "mean_depth": 631.5606079101562,
        "real_major_axis_length": 0,
        "real_minor_axis_length": 0,
        "file_name": "nisan17"
        ,"measure_id": 7
    },
    {
        "id": 141,
        "major_axis_length": 78.4747314453125,
        "minor_axis_length": 59.7651481628418,
        "mean_depth": 635.90869140625,
        "real_major_axis_length": 0,
        "real_minor_axis_length": 0,
        "file_name": "nisan17",
        "measure_id": 1
    },
    {
        "id": 142,
        "major_axis_length": 69.46884155273438,
        "minor_axis_length": 61.40459442138672,
        "mean_depth": 622.8033447265625,
        "real_major_axis_length": 0,
        "real_minor_axis_length": 0,
        "file_name": "nisan17",
        "measure_id": 2
    },
    {
        "id": 143,
        "major_axis_length": 52.274471282958984,
        "minor_axis_length": 42.86016082763672,
        "mean_depth": 848.3671875,
        "real_major_axis_length": 0,
        "real_minor_axis_length": 0,
        "file_name": "nisan43",
        "measure_id": 3
    },
    {
        "id": 144,
        "major_axis_length": 46.874351501464844,
        "minor_axis_length": 37.757137298583984,
        "mean_depth": 826.8658447265625,
        "real_major_axis_length": 0,
        "real_minor_axis_length": 0,
        "file_name": "nisan43",
        "measure_id": 6
    },
    {
        "id": 145,
        "major_axis_length": 58.561676025390625,
        "minor_axis_length": 43.874385833740234,
        "mean_depth": 719.5684204101562,
        "real_major_axis_length": 0,
        "real_minor_axis_length": 0,
        "file_name": "nisan43",
        "measure_id": 4
    },
    {
        "id": 146,
        "major_axis_length": 51.75486755371094,
        "minor_axis_length": 46.46108627319336,
        "mean_depth": 727.0485229492188,
        "real_major_axis_length": 0,
        "real_minor_axis_length": 0,
        "file_name": "nisan43",
        "measure_id": 5
    },
    {
        "id": 147,
        "major_axis_length": 75.68037414550781,
        "minor_axis_length": 47.35941696166992,
        "mean_depth": 650.60302734375,
        "real_major_axis_length": 0,
        "real_minor_axis_length": 0,
        "file_name": "nisan43",
        "measure_id": 1
    },
    {
        "id": 148,
        "major_axis_length": 65.66651916503906,
        "minor_axis_length": 51.71198654174805,
        "mean_depth": 642.74560546875,
        "real_major_axis_length": 0,
        "real_minor_axis_length": 0,
        "file_name": "nisan43",
        "measure_id": 2
    },
    {
        "id": 149,
        "major_axis_length": 57.57905960083008,
        "minor_axis_length": 49.31763458251953,
        "mean_depth": 838.203125,
        "real_major_axis_length": 0,
        "real_minor_axis_length": 0,
        "file_name": "nisan53",
        "measure_id": 3
    },
    {
        "id": 150,
        "major_axis_length": 48.8697509765625,
        "minor_axis_length": 40.387516021728516,
        "mean_depth": 827.4081420898438,
        "real_major_axis_length": 0,
        "real_minor_axis_length": 0,
        "file_name": "nisan53",
        "measure_id": 6
    },
    {
        "id": 151,
        "major_axis_length": 60.12276840209961,
        "minor_axis_length": 46.97343826293945,
        "mean_depth": 745.4655151367188,
        "real_major_axis_length": 0,
        "real_minor_axis_length": 0,
        "file_name": "nisan53",
        "measure_id": 4
    },
    {
        "id": 152,
        "major_axis_length": 49.38599395751953,
        "minor_axis_length": 45.28117752075195,
        "mean_depth": 752.4315795898438,
        "real_major_axis_length": 0,
        "real_minor_axis_length": 0,
        "file_name": "nisan53",
        "measure_id": 5
    },
    {
        "id": 153,
        "major_axis_length": 58.16544723510742,
        "minor_axis_length": 41.7573356628418,
        "mean_depth": 812.2540893554688,
        "real_major_axis_length": 0,
        "real_minor_axis_length": 0,
        "file_name": "nisan53",
        "measure_id": 1
    },
    {
        "id": 154,
        "major_axis_length": 57.968631744384766,
        "minor_axis_length": 39.9711799621582,
        "mean_depth": 811.9749755859375,
        "real_major_axis_length": 0,
        "real_minor_axis_length": 0,
        "file_name": "nisan53",
        "measure_id": 2
    },
    {
        "id": 155,
        "major_axis_length": 55.74343490600586,
        "minor_axis_length": 43.49374771118164,
        "mean_depth": 765.1965942382812,
        "real_major_axis_length": 0,
        "real_minor_axis_length": 0,
        "file_name": "nisan31",
        "measure_id": 4
    },
    {
        "id": 156,
        "major_axis_length": 46.89476776123047,
        "minor_axis_length": 44.62149429321289,
        "mean_depth": 756.11474609375,
        "real_major_axis_length": 0,
        "real_minor_axis_length": 0,
        "file_name": "nisan31",
        "measure_id": 5
    },
    {
        "id": 157,
        "major_axis_length": 66.56147766113281,
        "minor_axis_length": 52.1909065246582,
        "mean_depth": 687.4229125976562,
        "real_major_axis_length": 0,
        "real_minor_axis_length": 0,
        "file_name": "nisan31",
        "measure_id": 1
    },
    {
        "id": 158,
        "major_axis_length": 59.617801666259766,
        "minor_axis_length": 58.11876678466797,
        "mean_depth": 661.3209838867188,
        "real_major_axis_length": 0,
        "real_minor_axis_length": 0,
        "file_name": "nisan31",
        "measure_id": 2
    },
    {
        "id": 159,
        "major_axis_length": 34.139007568359375,
        "minor_axis_length": 21.115474700927734,
        "mean_depth": 1294.4285888671875,
        "real_major_axis_length": 0,
        "real_minor_axis_length": 0,
        "file_name": "nisan40",
        "measure_id": 3
    },
    {
        "id": 160,
        "major_axis_length": 30.595918655395508,
        "minor_axis_length": 25.05170440673828,
        "mean_depth": 1271.800048828125,
        "real_major_axis_length": 0,
        "real_minor_axis_length": 0,
        "file_name": "nisan40",
        "measure_id": 6
    },
    {
        "id": 161,
        "major_axis_length": 34.13490676879883,
        "minor_axis_length": 27.081192016601562,
        "mean_depth": 1153.6666259765625,
        "real_major_axis_length": 0,
        "real_minor_axis_length": 0,
        "file_name": "nisan40",
        "measure_id": 4
    },
    {
        "id": 162,
        "major_axis_length": 33.306427001953125,
        "minor_axis_length": 26.497682571411133,
        "mean_depth": 1146.6363525390625,
        "real_major_axis_length": 0,
        "real_minor_axis_length": 0,
        "file_name": "nisan40",
        "measure_id": 5
    },
    {
        "id": 163,
        "major_axis_length": 28.702762603759766,
        "minor_axis_length": 23.140953063964844,
        "mean_depth": 1090.3333740234375,
        "real_major_axis_length": 0,
        "real_minor_axis_length": 0,
        "file_name": "nisan40",
        "measure_id": 7
    },
    {
        "id": 164,
        "major_axis_length": 41.69303894042969,
        "minor_axis_length": 32.30329513549805,
        "mean_depth": 947.0,
        "real_major_axis_length": 0,
        "real_minor_axis_length": 0,
        "file_name": "nisan40",
        "measure_id": 1
    },
    {
        "id": 165,
        "major_axis_length": 39.621192932128906,
        "minor_axis_length": 30.50482177734375,
        "mean_depth": 926.9122924804688,
        "real_major_axis_length": 0,
        "real_minor_axis_length": 0,
        "file_name": "nisan40",
        "measure_id": 2
    },
    {
        "id": 166,
        "major_axis_length": 82.20526123046875,
        "minor_axis_length": 57.13791275024414,
        "mean_depth": 745.171875,
        "real_major_axis_length": 0,
        "real_minor_axis_length": 0,
        "file_name": "nisan50",
        "measure_id": 3
    },
    {
        "id": 167,
        "major_axis_length": 45.609031677246094,
        "minor_axis_length": 34.04444885253906,
        "mean_depth": 745.9558715820312,
        "real_major_axis_length": 0,
        "real_minor_axis_length": 0,
        "file_name": "nisan50",
        "measure_id": 6
    },
    {
        "id": 168,
        "major_axis_length": 53.26073455810547,
        "minor_axis_length": 44.218318939208984,
        "mean_depth": 724.3720703125,
        "real_major_axis_length": 0,
        "real_minor_axis_length": 0,
        "file_name": "nisan50",
        "measure_id": 4
    },
    {
        "id": 169,
        "major_axis_length": 48.80116271972656,
        "minor_axis_length": 40.401729583740234,
        "mean_depth": 734.4869384765625,
        "real_major_axis_length": 0,
        "real_minor_axis_length": 0,
        "file_name": "nisan50",
        "measure_id": 5
    },
    {
        "id": 170,
        "major_axis_length": 50.05733871459961,
        "minor_axis_length": 36.993961334228516,
        "mean_depth": 948.1572875976562,
        "real_major_axis_length": 0,
        "real_minor_axis_length": 0,
        "file_name": "nisan50",
        "measure_id": 1
    },
    {
        "id": 171,
        "major_axis_length": 43.22405242919922,
        "minor_axis_length": 37.38386917114258,
        "mean_depth": 941.4242553710938,
        "real_major_axis_length": 0,
        "real_minor_axis_length": 0,
        "file_name": "nisan50",
        "measure_id": 2
    },
    {
        "id": 172,
        "major_axis_length": 55.5818977355957,
        "minor_axis_length": 53.389488220214844,
        "mean_depth": 826.295166015625,
        "real_major_axis_length": 0,
        "real_minor_axis_length": 0,
        "file_name": "nisan26",
        "measure_id": 3
    },
    {
        "id": 173,
        "major_axis_length": 49.219661712646484,
        "minor_axis_length": 36.98560333251953,
        "mean_depth": 812.8571166992188,
        "real_major_axis_length": 0,
        "real_minor_axis_length": 0,
        "file_name": "nisan26",
        "measure_id": 6
    },
    {
        "id": 174,
        "major_axis_length": 65.86920166015625,
        "minor_axis_length": 54.39570236206055,
        "mean_depth": 0.0,
        "real_major_axis_length": 0,
        "real_minor_axis_length": 0,
        "file_name": "nisan26",
        "measure_id": 7
    },
    {
        "id": 175,
        "major_axis_length": 54.015716552734375,
        "minor_axis_length": 46.3355712890625,
        "mean_depth": 821.0620727539062,
        "real_major_axis_length": 0,
        "real_minor_axis_length": 0,
        "file_name": "nisan26",
        "measure_id": 1
    },
    {
        "id": 176,
        "major_axis_length": 46.77452850341797,
        "minor_axis_length": 43.76430892944336,
        "mean_depth": 814.653076171875,
        "real_major_axis_length": 0,
        "real_minor_axis_length": 0,
        "file_name": "nisan26",
        "measure_id": 2
    },
    {
        "id": 177,
        "major_axis_length": 58.053279876708984,
        "minor_axis_length": 50.64859390258789,
        "mean_depth": 787.2816772460938,
        "real_major_axis_length": 4.3,
        "real_minor_axis_length": 3.4,
        "file_name": "nisan3",
        "measure_id": 3
    },
    {
        "id": 178,
        "major_axis_length": 50.06491470336914,
        "minor_axis_length": 38.070125579833984,
        "mean_depth": 775.37255859375,
        "real_major_axis_length": 3.6,
        "real_minor_axis_length": 2.8,
        "file_name": "nisan3",
        "measure_id": 6
    },
    {
        "id": 179,
        "major_axis_length": 63.53795623779297,
        "minor_axis_length": 50.084495544433594,
        "mean_depth": 683.5263061523438,
        "real_major_axis_length": 3.5,
        "real_minor_axis_length": 2.7,
        "file_name": "nisan3",
        "measure_id": 4
    },
    {
        "id": 180,
        "major_axis_length": 58.7620735168457,
        "minor_axis_length": 44.67280578613281,
        "mean_depth": 693.8161010742188,
        "real_major_axis_length": 3.3,
        "real_minor_axis_length": 3.1,
        "file_name": "nisan3",
        "measure_id": 5
    },
    {
        "id": 181,
        "major_axis_length": 59.77347946166992,
        "minor_axis_length": 46.36705780029297,
        "mean_depth": 670.984375,
        "real_major_axis_length": 3.7,
        "real_minor_axis_length": 2.8,
        "file_name": "nisan3",
        "measure_id": 1
    },
    {
        "id": 182,
        "major_axis_length": 55.79732131958008,
        "minor_axis_length": 46.961952209472656,
        "mean_depth": 667.1707153320312,
        "real_major_axis_length": 3.4,
        "real_minor_axis_length": 2.7,
        "file_name": "nisan3",
        "measure_id": 2
    },
    {
        "id": 183,
        "major_axis_length": 76.86237335205078,
        "minor_axis_length": 54.26466369628906,
        "mean_depth": 630.6380615234375,
        "real_major_axis_length": 4.3,
        "real_minor_axis_length": 3.4,
        "file_name": "nisan6",
        "measure_id": 3
    },
    {
        "id": 184,
        "major_axis_length": 56.47687911987305,
        "minor_axis_length": 51.50209045410156,
        "mean_depth": 639.8636474609375,
        "real_major_axis_length": 3.6,
        "real_minor_axis_length": 2.8,
        "file_name": "nisan6",
        "measure_id": 6
    },
    {
        "id": 185,
        "major_axis_length": 73.25465393066406,
        "minor_axis_length": 51.96584701538086,
        "mean_depth": 610.0855712890625,
        "real_major_axis_length": 3.5,
        "real_minor_axis_length": 2.7,
        "file_name": "nisan6",
        "measure_id": 4
    },
    {
        "id": 186,
        "major_axis_length": 66.03113555908203,
        "minor_axis_length": 41.021915435791016,
        "mean_depth": 630.1221923828125,
        "real_major_axis_length": 3.3,
        "real_minor_axis_length": 3.1,
        "file_name": "nisan6",
        "measure_id": 5
    },
    {
        "id": 187,
        "major_axis_length": 49.539207458496094,
        "minor_axis_length": 36.65303421020508,
        "mean_depth": 823.4854125976562,
        "real_major_axis_length": 3.7,
        "real_minor_axis_length": 2.8,
        "file_name": "nisan6",
        "measure_id": 1
    },
    {
        "id": 188,
        "major_axis_length": 39.97743225097656,
        "minor_axis_length": 33.1540641784668,
        "mean_depth": 841.1969604492188,
        "real_major_axis_length": 3.4,
        "real_minor_axis_length": 2.7,
        "file_name": "nisan6",
        "measure_id": 2
    },
    {
        "id": 189,
        "major_axis_length": 55.75102233886719,
        "minor_axis_length": 47.04938507080078,
        "mean_depth": 797.0908813476562,
        "real_major_axis_length": 0,
        "real_minor_axis_length": 0,
        "file_name": "nisan11",
        "measure_id": 3
    },
    {
        "id": 190,
        "major_axis_length": 55.733062744140625,
        "minor_axis_length": 43.57467269897461,
        "mean_depth": 795.5203247070312,
        "real_major_axis_length": 0,
        "real_minor_axis_length": 0,
        "file_name": "nisan11",
        "measure_id": 6
    },
    {
        "id": 191,
        "major_axis_length": 54.371185302734375,
        "minor_axis_length": 41.865928649902344,
        "mean_depth": 730.3566284179688,
        "real_major_axis_length": 0,
        "real_minor_axis_length": 0,
        "file_name": "nisan11",
        "measure_id": 4
    },
    {
        "id": 192,
        "major_axis_length": 50.71259689331055,
        "minor_axis_length": 44.185970306396484,
        "mean_depth": 743.6985473632812,
        "real_major_axis_length": 0,
        "real_minor_axis_length": 0,
        "file_name": "nisan11",
        "measure_id": 5
    },
    {
        "id": 193,
        "major_axis_length": 32.071739196777344,
        "minor_axis_length": 27.438894271850586,
        "mean_depth": 939.6097412109375,
        "real_major_axis_length": 0,
        "real_minor_axis_length": 0,
        "file_name": "nisan11",
        "measure_id": 7
    },
    {
        "id": 194,
        "major_axis_length": 63.11476135253906,
        "minor_axis_length": 53.66621780395508,
        "mean_depth": 656.29248046875,
        "real_major_axis_length": 0,
        "real_minor_axis_length": 0,
        "file_name": "nisan11",
        "measure_id": 1
    },
    {
        "id": 195,
        "major_axis_length": 59.82586669921875,
        "minor_axis_length": 47.1624641418457,
        "mean_depth": 663.4971313476562,
        "real_major_axis_length": 0,
        "real_minor_axis_length": 0,
        "file_name": "nisan11",
        "measure_id": 2
    },
    {
        "id": 196,
        "major_axis_length": 50.47748947143555,
        "minor_axis_length": 35.381473541259766,
        "mean_depth": 846.6071166992188,
        "real_major_axis_length": 0,
        "real_minor_axis_length": 0,
        "file_name": "nisan33",
        "measure_id": 4
    },
    {
        "id": 197,
        "major_axis_length": 47.40650939941406,
        "minor_axis_length": 39.83919906616211,
        "mean_depth": 831.106689453125,
        "real_major_axis_length": 0,
        "real_minor_axis_length": 0,
        "file_name": "nisan33",
        "measure_id": 5
    },
    {
        "id": 198,
        "major_axis_length": 45.86740493774414,
        "minor_axis_length": 30.694835662841797,
        "mean_depth": 941.5454711914062,
        "real_major_axis_length": 0,
        "real_minor_axis_length": 0,
        "file_name": "nisan33",
        "measure_id": 3
    },
    {
        "id": 199,
        "major_axis_length": 43.384674072265625,
        "minor_axis_length": 36.84898376464844,
        "mean_depth": 922.3076782226562,
        "real_major_axis_length": 0,
        "real_minor_axis_length": 0,
        "file_name": "nisan33",
        "measure_id": 6
    },
    {
        "id": 200,
        "major_axis_length": 36.4493293762207,
        "minor_axis_length": 32.35433578491211,
        "mean_depth": 855.1795043945312,
        "real_major_axis_length": 0,
        "real_minor_axis_length": 0,
        "file_name": "nisan33",
        "measure_id": 7
    },
    {
        "id": 201,
        "major_axis_length": 80.99394989013672,
        "minor_axis_length": 54.238651275634766,
        "mean_depth": 521.9185791015625,
        "real_major_axis_length": 0,
        "real_minor_axis_length": 0,
        "file_name": "nisan33",
        "measure_id": 1
    },
    {
        "id": 202,
        "major_axis_length": 81.4544906616211,
        "minor_axis_length": 68.22187042236328,
        "mean_depth": 505.8399963378906,
        "real_major_axis_length": 0,
        "real_minor_axis_length": 0,
        "file_name": "nisan33",
        "measure_id": 2
    },
    {
        "id": 203,
        "major_axis_length": 65.92842864990234,
        "minor_axis_length": 52.392555236816406,
        "mean_depth": 718.6666870117188,
        "real_major_axis_length": 0,
        "real_minor_axis_length": 0,
        "file_name": "nisan18",
        "measure_id": 3
    },
    {
        "id": 204,
        "major_axis_length": 73.19945526123047,
        "minor_axis_length": 35.621822357177734,
        "mean_depth": 723.4807739257812,
        "real_major_axis_length": 0,
        "real_minor_axis_length": 0,
        "file_name": "nisan18"
    },
    {
        "id": 205,
        "major_axis_length": 66.49150848388672,
        "minor_axis_length": 64.03192138671875,
        "mean_depth": 614.9302368164062,
        "real_major_axis_length": 0,
        "real_minor_axis_length": 0,
        "file_name": "nisan18"
    },
    {
        "id": 206,
        "major_axis_length": 70.29949188232422,
        "minor_axis_length": 57.65056610107422,
        "mean_depth": 622.84326171875,
        "real_major_axis_length": 0,
        "real_minor_axis_length": 0,
        "file_name": "nisan18"
    },
    {
        "id": 207,
        "major_axis_length": 54.59315490722656,
        "minor_axis_length": 48.81755447387695,
        "mean_depth": 566.0,
        "real_major_axis_length": 0,
        "real_minor_axis_length": 0,
        "file_name": "nisan18"
    },
    {
        "id": 210,
        "major_axis_length": 50.084693908691406,
        "minor_axis_length": 36.4985237121582,
        "mean_depth": 868.375,
        "real_major_axis_length": 0,
        "real_minor_axis_length": 0,
        "file_name": "nisan30",
        "measure_id": 3
    },
    {
        "id": 211,
        "major_axis_length": 49.8497428894043,
        "minor_axis_length": 37.392578125,
        "mean_depth": 874.0735473632812,
        "real_major_axis_length": 0,
        "real_minor_axis_length": 0,
        "file_name": "nisan30",
        "measure_id": 6
    },
    {
        "id": 212,
        "major_axis_length": 74.17097473144531,
        "minor_axis_length": 59.49888229370117,
        "mean_depth": 0.0,
        "real_major_axis_length": 0,
        "real_minor_axis_length": 0,
        "file_name": "nisan30",
        "measure_id": 7
    },
    {
        "id": 213,
        "major_axis_length": 48.92545700073242,
        "minor_axis_length": 47.026588439941406,
        "mean_depth": 824.7123413085938,
        "real_major_axis_length": 0,
        "real_minor_axis_length": 0,
        "file_name": "nisan30",
        "measure_id": 1
    },
    {
        "id": 214,
        "major_axis_length": 46.608585357666016,
        "minor_axis_length": 44.47206497192383,
        "mean_depth": 813.4483032226562,
        "real_major_axis_length": 0,
        "real_minor_axis_length": 0,
        "file_name": "nisan30",
        "measure_id": 2
    },
    {
        "id": 215,
        "major_axis_length": 56.08586120605469,
        "minor_axis_length": 40.96105194091797,
        "mean_depth": 764.4957885742188,
        "real_major_axis_length": 0,
        "real_minor_axis_length": 0,
        "file_name": "nisan32",
        "measure_id": 4
    },
    {
        "id": 216,
        "major_axis_length": 49.24592208862305,
        "minor_axis_length": 41.061439514160156,
        "mean_depth": 755.3207397460938,
        "real_major_axis_length": 0,
        "real_minor_axis_length": 0,
        "file_name": "nisan32",
        "measure_id": 5
    },
    {
        "id": 217,
        "major_axis_length": 66.5275650024414,
        "minor_axis_length": 53.30122756958008,
        "mean_depth": 687.9879150390625,
        "real_major_axis_length": 0,
        "real_minor_axis_length": 0,
        "file_name": "nisan32",
        "measure_id": 1
    },
    {
        "id": 218,
        "major_axis_length": 57.47114562988281,
        "minor_axis_length": 56.93906784057617,
        "mean_depth": 661.8102416992188,
        "real_major_axis_length": 0,
        "real_minor_axis_length": 0,
        "file_name": "nisan32",
        "measure_id": 2
    },
    {
        "id": 219,
        "major_axis_length": 56.02192687988281,
        "minor_axis_length": 49.51238250732422,
        "mean_depth": 836.9708251953125,
        "real_major_axis_length": 0,
        "real_minor_axis_length": 0,
        "file_name": "nisan54",
        "measure_id": 3
    },
    {
        "id": 220,
        "major_axis_length": 49.54924774169922,
        "minor_axis_length": 40.551143646240234,
        "mean_depth": 824.3146362304688,
        "real_major_axis_length": 0,
        "real_minor_axis_length": 0,
        "file_name": "nisan54",
        "measure_id": 6
    },
    {
        "id": 221,
        "major_axis_length": 59.74190902709961,
        "minor_axis_length": 44.215415954589844,
        "mean_depth": 742.7380981445312,
        "real_major_axis_length": 0,
        "real_minor_axis_length": 0,
        "file_name": "nisan54",
        "measure_id": 4
    },
    {
        "id": 222,
        "major_axis_length": 52.49049377441406,
        "minor_axis_length": 45.5411376953125,
        "mean_depth": 751.6470336914062,
        "real_major_axis_length": 0,
        "real_minor_axis_length": 0,
        "file_name": "nisan54",
        "measure_id": 5
    },
    {
        "id": 223,
        "major_axis_length": 57.46094512939453,
        "minor_axis_length": 39.97828674316406,
        "mean_depth": 812.4384765625,
        "real_major_axis_length": 0,
        "real_minor_axis_length": 0,
        "file_name": "nisan54",
        "measure_id": 1
    },
    {
        "id": 224,
        "major_axis_length": 55.7194709777832,
        "minor_axis_length": 41.10912322998047,
        "mean_depth": 809.974365234375,
        "real_major_axis_length": 0,
        "real_minor_axis_length": 0,
        "file_name": "nisan54",
        "measure_id": 2
    },
    {
        "id": 225,
        "major_axis_length": 58.61892318725586,
        "minor_axis_length": 51.12318801879883,
        "mean_depth": 749.6857299804688,
        "real_major_axis_length": 0,
        "real_minor_axis_length": 0,
        "file_name": "nisan21",
        "measure_id": 3
    },
    {
        "id": 226,
        "major_axis_length": 56.382598876953125,
        "minor_axis_length": 43.45732879638672,
        "mean_depth": 738.51513671875,
        "real_major_axis_length": 0,
        "real_minor_axis_length": 0,
        "file_name": "nisan21",
        "measure_id": 6
    },
    {
        "id": 227,
        "major_axis_length": 63.52503204345703,
        "minor_axis_length": 53.03859329223633,
        "mean_depth": 647.2588500976562,
        "real_major_axis_length": 0,
        "real_minor_axis_length": 0,
        "file_name": "nisan21",
        "measure_id": 4
    },
    {
        "id": 228,
        "major_axis_length": 56.287803649902344,
        "minor_axis_length": 50.19255065917969,
        "mean_depth": 659.844970703125,
        "real_major_axis_length": 0,
        "real_minor_axis_length": 0,
        "file_name": "nisan21",
        "measure_id": 5
    },
    {
        "id": 229,
        "major_axis_length": 47.54035568237305,
        "minor_axis_length": 40.22884750366211,
        "mean_depth": 649.4444580078125,
        "real_major_axis_length": 0,
        "real_minor_axis_length": 0,
        "file_name": "nisan21",
        "measure_id": 7
    },
    {
        "id": 230,
        "major_axis_length": 69.11056518554688,
        "minor_axis_length": 52.65184783935547,
        "mean_depth": 632.0,
        "real_major_axis_length": 0,
        "real_minor_axis_length": 0,
        "file_name": "nisan21",
        "measure_id": 1
    },
    {
        "id": 231,
        "major_axis_length": 60.28248596191406,
        "minor_axis_length": 54.82025146484375,
        "mean_depth": 631.0610961914062,
        "real_major_axis_length": 0,
        "real_minor_axis_length": 0,
        "file_name": "nisan21",
        "measure_id": 2
    },
    {
        "id": 232,
        "major_axis_length": 43.51887512207031,
        "minor_axis_length": 34.60484313964844,
        "mean_depth": 1012.756103515625,
        "real_major_axis_length": 0,
        "real_minor_axis_length": 0,
        "file_name": "nisan59",
        "measure_id": 3
    },
    {
        "id": 233,
        "major_axis_length": 39.679359436035156,
        "minor_axis_length": 33.51203918457031,
        "mean_depth": 999.5633544921875,
        "real_major_axis_length": 0,
        "real_minor_axis_length": 0,
        "file_name": "nisan59",
        "measure_id": 6
    },
    {
        "id": 234,
        "major_axis_length": 46.685951232910156,
        "minor_axis_length": 38.773658752441406,
        "mean_depth": 907.1300048828125,
        "real_major_axis_length": 0,
        "real_minor_axis_length": 0,
        "file_name": "nisan59",
        "measure_id": 4
    },
    {
        "id": 235,
        "major_axis_length": 43.738868713378906,
        "minor_axis_length": 37.47796630859375,
        "mean_depth": 913.8253784179688,
        "real_major_axis_length": 0,
        "real_minor_axis_length": 0,
        "file_name": "nisan59",
        "measure_id": 5
    },
    {
        "id": 236,
        "major_axis_length": 30.648263931274414,
        "minor_axis_length": 27.808740615844727,
        "mean_depth": 972.3513793945312,
        "real_major_axis_length": 0,
        "real_minor_axis_length": 0,
        "file_name": "nisan59",
        "measure_id": 7
    },
    {
        "id": 237,
        "major_axis_length": 50.26458740234375,
        "minor_axis_length": 38.71282958984375,
        "mean_depth": 844.3720703125,
        "real_major_axis_length": 0,
        "real_minor_axis_length": 0,
        "file_name": "nisan59",
        "measure_id": 1
    },
    {
        "id": 238,
        "major_axis_length": 48.175296783447266,
        "minor_axis_length": 35.767215728759766,
        "mean_depth": 846.1410522460938,
        "real_major_axis_length": 0,
        "real_minor_axis_length": 0,
        "file_name": "nisan59",
        "measure_id": 2
    },
    {
        "id": 239,
        "major_axis_length": 49.63902282714844,
        "minor_axis_length": 32.46212387084961,
        "mean_depth": 898.076904296875,
        "real_major_axis_length": 0,
        "real_minor_axis_length": 0,
        "file_name": "nisan2",
        "measure_id": 3
    },
    {
        "id": 240,
        "major_axis_length": 53.17063522338867,
        "minor_axis_length": 43.70518112182617,
        "mean_depth": 770.2886352539062,
        "real_major_axis_length": 0,
        "real_minor_axis_length": 0,
        "file_name": "nisan2",
        "measure_id": 4
    },
    {
        "id": 241,
        "major_axis_length": 48.58171844482422,
        "minor_axis_length": 42.11369323730469,
        "mean_depth": 770.3333129882812,
        "real_major_axis_length": 0,
        "real_minor_axis_length": 0,
        "file_name": "nisan2",
        "measure_id": 5
    },
    {
        "id": 242,
        "major_axis_length": 51.8757209777832,
        "minor_axis_length": 39.45448684692383,
        "mean_depth": 722.611083984375,
        "real_major_axis_length": 0,
        "real_minor_axis_length": 0,
        "file_name": "nisan2",
        "measure_id": 7
    },
    {
        "id": 243,
        "major_axis_length": 65.06407165527344,
        "minor_axis_length": 50.62041473388672,
        "mean_depth": 644.0904541015625,
        "real_major_axis_length": 0,
        "real_minor_axis_length": 0,
        "file_name": "nisan2",
        "measure_id": 1
    },
    {
        "id": 244,
        "major_axis_length": 61.024147033691406,
        "minor_axis_length": 47.98843002319336,
        "mean_depth": 625.115966796875,
        "real_major_axis_length": 0,
        "real_minor_axis_length": 0,
        "file_name": "nisan2",
        "measure_id": 2
    },
    {
        "id": 245,
        "major_axis_length": 64.95323181152344,
        "minor_axis_length": 50.449554443359375,
        "mean_depth": 744.9620361328125,
        "real_major_axis_length": 4.3,
        "real_minor_axis_length": 3.4   ,
        "file_name": "nisan8",
        "measure_id": 3
    },
    {
        "id": 246,
        "major_axis_length": 49.49679946899414,
        "minor_axis_length": 37.475830078125,
        "mean_depth": 745.01318359375,
        "real_major_axis_length": 3.6,
        "real_minor_axis_length": 2.8,
        "file_name": "nisan8",
        "measure_id": 6
    },
    {
        "id": 247,
        "major_axis_length": 56.19499588012695,
        "minor_axis_length": 47.83799362182617,
        "mean_depth": 703.683837890625,
        "real_major_axis_length": 3.5,
        "real_minor_axis_length": 3.1,
        "file_name": "nisan8",
        "measure_id": 4
    },
    {
        "id": 248,
        "major_axis_length": 55.230308532714844,
        "minor_axis_length": 40.02374267578125,
        "mean_depth": 714.9722290039062,
        "real_major_axis_length": 3.3,
        "real_minor_axis_length": 3.1,
        "file_name": "nisan8",
        "measure_id": 5
    },
    {
        "id": 249,
        "major_axis_length": 54.727989196777344,
        "minor_axis_length": 34.21224594116211,
        "mean_depth": 885.4705810546875,
        "real_major_axis_length": 3.7,
        "real_minor_axis_length": 2.8,
        "file_name": "nisan8",
        "measure_id": 1
    },
    {
        "id": 250,
        "major_axis_length": 44.07727813720703,
        "minor_axis_length": 36.97970962524414,
        "mean_depth": 895.4483032226562,
        "real_major_axis_length": 3.4,
        "real_minor_axis_length": 2.7,
        "file_name": "nisan8",
        "measure_id": 2
    },
    {
        "id": 251,
        "major_axis_length": 42.824676513671875,
        "minor_axis_length": 33.92380142211914,
        "mean_depth": 1065.54833984375,
        "real_major_axis_length": 0,
        "real_minor_axis_length": 0,
        "file_name": "nisan64",
        "measure_id": 3
    },
    {
        "id": 252,
        "major_axis_length": 34.30414581298828,
        "minor_axis_length": 29.43537712097168,
        "mean_depth": 1063.482177734375,
        "real_major_axis_length": 0,
        "real_minor_axis_length": 0,
        "file_name": "nisan64",
        "measure_id": 6
    },
    {
        "id": 253,
        "major_axis_length": 40.90267562866211,
        "minor_axis_length": 31.463611602783203,
        "mean_depth": 978.557373046875,
        "real_major_axis_length": 0,
        "real_minor_axis_length": 0,
        "file_name": "nisan64",
        "measure_id": 4
    },
    {
        "id": 254,
        "major_axis_length": 35.652713775634766,
        "minor_axis_length": 33.7846794128418,
        "mean_depth": 991.4754028320312,
        "real_major_axis_length": 0,
        "real_minor_axis_length": 0,
        "file_name": "nisan64",
        "measure_id": 5
    },
    {
        "id": 255,
        "major_axis_length": 30.110042572021484,
        "minor_axis_length": 26.494421005249023,
        "mean_depth": 949.5833129882812,
        "real_major_axis_length": 0,
        "real_minor_axis_length": 0,
        "file_name": "nisan64",
        "measure_id": 7
    },
    {
        "id": 256,
        "major_axis_length": 41.06804275512695,
        "minor_axis_length": 29.56916618347168,
        "mean_depth": 1041.515625,
        "real_major_axis_length": 0,
        "real_minor_axis_length": 0,
        "file_name": "nisan64",
        "measure_id": 1
    },
    {
        "id": 257,
        "major_axis_length": 37.227447509765625,
        "minor_axis_length": 32.837154388427734,
        "mean_depth": 1046.442626953125,
        "real_major_axis_length": 0,
        "real_minor_axis_length": 0,
        "file_name": "nisan64",
        "measure_id": 2
    },
    {
        "id": 258,
        "major_axis_length": 55.91307830810547,
        "minor_axis_length": 50.81199264526367,
        "mean_depth": 514.1788330078125,
        "real_major_axis_length": 0,
        "real_minor_axis_length": 0,
        "file_name": "nisan15",
        "measure_id": 7
    },
    {
        "id": 259,
        "major_axis_length": 54.67792892456055,
        "minor_axis_length": 45.036163330078125,
        "mean_depth": 839.625,
        "real_major_axis_length": 0,
        "real_minor_axis_length": 0,
        "file_name": "nisan55",
        "measure_id": 3
    },
    {
        "id": 260,
        "major_axis_length": 49.28787612915039,
        "minor_axis_length": 39.02983093261719,
        "mean_depth": 828.1838989257812,
        "real_major_axis_length": 0,
        "real_minor_axis_length": 0,
        "file_name": "nisan55",
        "measure_id": 6
    },
    {
        "id": 261,
        "major_axis_length": 56.84256362915039,
        "minor_axis_length": 45.37727737426758,
        "mean_depth": 742.0430297851562,
        "real_major_axis_length": 0,
        "real_minor_axis_length": 0,
        "file_name": "nisan55",
        "measure_id": 4
    },
    {
        "id": 262,
        "major_axis_length": 46.08955383300781,
        "minor_axis_length": 39.69539260864258,
        "mean_depth": 755.0472412109375,
        "real_major_axis_length": 0,
        "real_minor_axis_length": 0,
        "file_name": "nisan55",
        "measure_id": 5
    },
    {
        "id": 263,
        "major_axis_length": 63.24116516113281,
        "minor_axis_length": 42.47091293334961,
        "mean_depth": 780.0302734375,
        "real_major_axis_length": 0,
        "real_minor_axis_length": 0,
        "file_name": "nisan55",
        "measure_id": 1
    },
    {
        "id": 264,
        "major_axis_length": 56.5428466796875,
        "minor_axis_length": 41.487762451171875,
        "mean_depth": 778.88232421875,
        "real_major_axis_length": 0,
        "real_minor_axis_length": 0,
        "file_name": "nisan55",
        "measure_id": 2
    }
]