{"info":{"year":"2024","version":"1","description":"Exported from roboflow.com","contributor":"","url":"https://public.roboflow.com/object-detection/undefined","date_created":"2024-05-31T15:01:31+00:00"},"licenses":[{"id":1,"url":"https://creativecommons.org/licenses/by/4.0/","name":"CC BY 4.0"}],"categories":[{"id":0,"name":"tomato-YIG7","supercategory":"none"},{"id":1,"name":"tomato-YIG7","supercategory":"tomato-YIG7"}],"images":[{"id":0,"license":1,"file_name":"depth_color_image_17mayis21.jpg","height":424,"width":512,"date_captured":"2024-05-31T15:01:31+00:00"},{"id":1,"license":1,"file_name":"depth_color_image_17mayis43.jpg","height":424,"width":512,"date_captured":"2024-05-31T15:01:31+00:00"},{"id":2,"license":1,"file_name":"depth_color_image_17mayis18.jpg","height":424,"width":512,"date_captured":"2024-05-31T15:01:31+00:00"},{"id":3,"license":1,"file_name":"depth_color_image_17mayis17.jpg","height":424,"width":512,"date_captured":"2024-05-31T15:01:31+00:00"},{"id":4,"license":1,"file_name":"depth_color_image_17mayis4.jpg","height":424,"width":512,"date_captured":"2024-05-31T15:01:31+00:00"},{"id":5,"license":1,"file_name":"depth_color_image_17mayis39.jpg","height":424,"width":512,"date_captured":"2024-05-31T15:01:31+00:00"},{"id":6,"license":1,"file_name":"depth_color_image_17mayis11.jpg","height":424,"width":512,"date_captured":"2024-05-31T15:01:31+00:00"},{"id":7,"license":1,"file_name":"depth_color_image_17mayis23.jpg","height":424,"width":512,"date_captured":"2024-05-31T15:01:31+00:00"},{"id":8,"license":1,"file_name":"depth_color_image_17mayis42.jpg","height":424,"width":512,"date_captured":"2024-05-31T15:01:31+00:00"},{"id":9,"license":1,"file_name":"depth_color_image_17mayis44.jpg","height":424,"width":512,"date_captured":"2024-05-31T15:01:31+00:00"},{"id":10,"license":1,"file_name":"depth_color_image_17mayis36.jpg","height":424,"width":512,"date_captured":"2024-05-31T15:01:31+00:00"},{"id":11,"license":1,"file_name":"depth_color_image_17mayis35.jpg","height":424,"width":512,"date_captured":"2024-05-31T15:01:31+00:00"},{"id":12,"license":1,"file_name":"depth_color_image_17mayis5.jpg","height":424,"width":512,"date_captured":"2024-05-31T15:01:31+00:00"},{"id":13,"license":1,"file_name":"depth_color_image_17mayis3.jpg","height":424,"width":512,"date_captured":"2024-05-31T15:01:31+00:00"},{"id":14,"license":1,"file_name":"depth_color_image_17mayis12.jpg","height":424,"width":512,"date_captured":"2024-05-31T15:01:31+00:00"},{"id":15,"license":1,"file_name":"depth_color_image_17mayis6.jpg","height":424,"width":512,"date_captured":"2024-05-31T15:01:31+00:00"},{"id":16,"license":1,"file_name":"depth_color_image_17mayis40.jpg","height":424,"width":512,"date_captured":"2024-05-31T15:01:31+00:00"},{"id":17,"license":1,"file_name":"depth_color_image_17mayis16.jpg","height":424,"width":512,"date_captured":"2024-05-31T15:01:31+00:00"},{"id":18,"license":1,"file_name":"depth_color_image_17mayis25.jpg","height":424,"width":512,"date_captured":"2024-05-31T15:01:31+00:00"},{"id":19,"license":1,"file_name":"depth_color_image_17mayis10.jpg","height":424,"width":512,"date_captured":"2024-05-31T15:01:31+00:00"},{"id":20,"license":1,"file_name":"depth_color_image_17mayis15.jpg","height":424,"width":512,"date_captured":"2024-05-31T15:01:31+00:00"},{"id":21,"license":1,"file_name":"depth_color_image_17mayis9.jpg","height":424,"width":512,"date_captured":"2024-05-31T15:01:31+00:00"},{"id":22,"license":1,"file_name":"depth_color_image_17mayis37.jpg","height":424,"width":512,"date_captured":"2024-05-31T15:01:31+00:00"},{"id":23,"license":1,"file_name":"depth_color_image_17mayis8.jpg","height":424,"width":512,"date_captured":"2024-05-31T15:01:31+00:00"},{"id":24,"license":1,"file_name":"depth_color_image_17mayis13.jpg","height":424,"width":512,"date_captured":"2024-05-31T15:01:31+00:00"},{"id":25,"license":1,"file_name":"depth_color_image_17mayis19.jpg","height":424,"width":512,"date_captured":"2024-05-31T15:01:31+00:00"},{"id":26,"license":1,"file_name":"depth_color_image_17mayis14.jpg","height":424,"width":512,"date_captured":"2024-05-31T15:01:31+00:00"},{"id":27,"license":1,"file_name":"depth_color_image_17mayis22.jpg","height":424,"width":512,"date_captured":"2024-05-31T15:01:31+00:00"}],"annotations":[{"id":0,"image_id":0,"category_id":1,"bbox":[119,330,19.012,18.08],"area":343.743,"segmentation":[[122.866,345.545,130.233,348.159,135.342,346.376,138.075,343.881,136.887,339.96,135.223,336.514,131.896,333.187,127.381,331.167,125.242,330.097,125.242,330.078,120.964,334.018,119.063,337.346,119.895,341.98,122.866,345.545]],"iscrowd":0},{"id":1,"image_id":0,"category_id":1,"bbox":[141,321,10.457,14.099],"area":147.427,"segmentation":[[141.688,326.437,142.757,329.646,144.064,332.735,145.847,334.636,149.055,334.042,150.837,332.022,151.194,328.814,150.005,325.487,148.58,324.061,146.441,320.615,146.312,320.538,145.847,320.615,145.847,320.598,140.737,321.328,140.975,323.229,141.688,326.437]],"iscrowd":0},{"id":2,"image_id":0,"category_id":1,"bbox":[250,261,24.168,17.085],"area":412.909,"segmentation":[[250.991,270.992,255.575,274.048,259.464,276.965,264.881,277.66,270.715,276.271,273.909,274.604,274.187,270.437,273.493,268.492,269.326,265.575,263.353,261.408,256.408,260.575,250.991,264.742,250.019,266.548,250.991,270.992]],"iscrowd":0},{"id":3,"image_id":0,"category_id":1,"bbox":[268,252,13.612,15.557],"area":211.76,"segmentation":[[269.187,252.797,268.353,255.714,269.465,258.63,270.298,260.575,271.131,263.631,275.159,266.409,276.41,267.242,279.465,266.687,281.966,263.909,280.854,254.325,279.188,253.352,277.66,252.658,273.909,251.963,274.743,251.685,270.576,251.963,269.187,252.797]],"iscrowd":0},{"id":4,"image_id":0,"category_id":1,"bbox":[337,273,10,6.8],"area":68,"segmentation":[[338.2,273.6,336.7,275.3,337.7,277.5,340.4,279,343.1,279.7,345.2,278.6,346.2,277.1,346.7,274.9,344.8,273.2,341.3,272.9,338.2,273.6]],"iscrowd":0},{"id":5,"image_id":0,"category_id":1,"bbox":[283,46,7.6,12.7],"area":96.52,"segmentation":[[287.6,46.8,287.2,47.6,285.4,50,284.2,51.5,282.9,53.9,283.2,57.3,284.4,58.9,286.2,58.2,288.1,56.4,289.3,54.9,290.2,52.6,290.5,50.5,289.3,48.4,288.5,46.2,287.6,46.8]],"iscrowd":0},{"id":6,"image_id":1,"category_id":1,"bbox":[312,253,16.453,9.746],"area":160.348,"segmentation":[[315.802,261.53,319.458,262.33,325.399,262.787,328.141,259.017,326.199,255.703,323.114,253.532,319.344,253.19,316.601,253.19,316.75,253.041,315.23,253.761,312.26,257.189,311.688,259.474,315.802,261.53]],"iscrowd":0},{"id":7,"image_id":1,"category_id":1,"bbox":[331,251,12.682,10.74],"area":136.208,"segmentation":[[332.711,252.733,330.998,256.046,330.769,259.817,334.997,261.987,341.509,259.817,343.451,256.617,342.652,253.647,339.909,252.161,338.31,251.476,335.111,251.247,332.711,252.733]],"iscrowd":0},{"id":8,"image_id":1,"category_id":1,"bbox":[234,203,19.423,12.568],"area":244.115,"segmentation":[[241.764,215.028,245.877,215.714,250.333,214.8,253.761,212.172,253.647,208.059,247.591,203.831,244.049,203.489,240.622,203.26,240.736,203.146,235.252,206.802,234.338,210.115,237.308,213.543,241.764,215.028]],"iscrowd":0},{"id":9,"image_id":1,"category_id":1,"bbox":[244,191,15.539,13.009],"area":202.149,"segmentation":[[244.963,198.804,247.591,200.29,251.019,203.26,256.503,203.946,259.36,201.775,259.931,199.033,258.902,195.377,256.732,192.634,254.332,191.149,251.141,190.936,248.162,191.378,245.535,193.434,244.392,195.034,244.963,198.804]],"iscrowd":0},{"id":10,"image_id":2,"category_id":1,"bbox":[371,131,10.9,10.8],"area":117.72,"segmentation":[[370.8,134.7,371.1,137.6,372.6,140.3,375.6,141.7,379.9,140.6,381.6,138.7,381.7,137.3,381.7,135.4,380.7,134.2,378.9,132.8,376.7,130.9,373.4,131.6,370.8,134.7]],"iscrowd":0},{"id":11,"image_id":2,"category_id":1,"bbox":[441,343,16.536,13.128],"area":217.084,"segmentation":[[441.173,349.53,443.571,351.676,447.106,354.327,451.271,356.473,456.194,354.201,457.709,349.278,455.184,347.005,450.261,344.355,446.096,343.345,443.192,345.617,441.173,349.53]],"iscrowd":0},{"id":12,"image_id":2,"category_id":1,"bbox":[323,373,13.949,18.77],"area":261.821,"segmentation":[[324.607,387.979,329.773,391.423,335.456,390.39,337.35,379.024,335.284,376.441,329.945,372.652,327.683,374.382,327.535,373.341,323.746,378.68,323.402,383.157,324.607,387.979]],"iscrowd":0},{"id":13,"image_id":2,"category_id":1,"bbox":[338,365,18.082,16.876],"area":305.147,"segmentation":[[338.384,370.242,338.9,375.58,341.139,379.713,346.822,381.779,354.571,379.885,356.465,375.924,352.332,370.069,349.06,366.97,344.411,364.903,340.967,366.281,338.384,370.242]],"iscrowd":0},{"id":14,"image_id":2,"category_id":1,"bbox":[228,390,11.021,13.432],"area":148.036,"segmentation":[[227.655,393.489,230.411,401.066,231.616,402.1,235.233,403.822,235.749,403.822,238.677,401.583,238.504,397.278,237.643,393.834,234.888,391.251,231.788,390.734,232.477,390.39,228.172,392.284,227.655,393.489]],"iscrowd":0},{"id":15,"image_id":3,"category_id":1,"bbox":[136,284,5.437,9.639],"area":52.412,"segmentation":[[137.79,286.331,137.049,288.062,136.554,290.039,136.431,292.263,139.397,293.375,140.138,293.623,141.868,292.14,141.868,288.803,141.868,288.309,141.497,286.579,141.374,285.096,140.385,284.354,140.385,283.983,138.902,284.848,137.79,286.331]],"iscrowd":0},{"id":16,"image_id":3,"category_id":1,"bbox":[155,278,10.751,9.268],"area":99.648,"segmentation":[[158.304,278.793,157.192,278.422,156.203,278.422,154.967,279.287,154.967,280.029,154.72,282.5,154.844,284.848,155.462,287.691,158.798,287.691,161.394,287.567,164.483,285.714,165.472,282.5,164.236,280.276,163.865,279.535,160.899,279.164,158.304,278.793]],"iscrowd":0},{"id":17,"image_id":3,"category_id":1,"bbox":[219,221,16.721,14.91],"area":249.314,"segmentation":[[219.189,226.296,219.747,228.247,222.255,230.894,225.042,234.099,229.222,235.493,233.403,233.542,235.075,232.706,235.911,228.944,235.075,225.181,233.681,221.837,229.501,220.583,227.55,220.722,225.739,221.14,222.952,222.952,219.189,226.296]],"iscrowd":0},{"id":18,"image_id":3,"category_id":1,"bbox":[241,214,15.607,13.934],"area":217.47,"segmentation":[[242.042,215.288,240.509,218.771,241.345,222.394,243.157,226.575,246.919,227.829,251.378,226.017,255.698,222.812,256.116,219.329,255.001,215.288,251.378,214.034,247.198,214.173,248.312,213.894,243.714,214.173,242.042,215.288]],"iscrowd":0},{"id":19,"image_id":3,"category_id":1,"bbox":[391,244,16.972,9.101],"area":154.47,"segmentation":[[393.073,250.651,396.516,252.127,403.035,252.619,407.216,250.405,408.077,247.454,404.142,245.363,399.222,243.518,393.319,243.887,391.105,247.946,393.073,250.651]],"iscrowd":0},{"id":20,"image_id":4,"category_id":1,"bbox":[337,228,22.53,16.431],"area":370.198,"segmentation":[[339.471,231.396,337.438,233.259,336.761,235.292,336.93,237.325,337.947,240.882,339.641,243.423,343.028,244.101,345.739,244.609,348.28,244.44,351.329,243.423,355.394,242.237,356.919,240.882,359.291,238.172,359.291,235.292,358.613,233.598,357.258,231.565,355.733,230.549,353.192,229.702,350.99,229.194,349.466,229.024,347.602,229.024,345.061,228.177,342.52,229.363,339.471,231.396]],"iscrowd":0},{"id":21,"image_id":4,"category_id":1,"bbox":[174,264,5.8,8.8],"area":51.04,"segmentation":[[174.4,265.8,174.2,266.4,174.2,267.5,174.5,268.4,174.9,269.6,175.7,270.6,176.3,271.5,177.6,272.3,179.3,272.4,179.9,271.6,180,270.4,179.9,269.9,179.2,268.6,178.6,267.1,177.8,266.2,177.4,265.6,177.1,265,176.6,263.6,176.6,263.7,176.6,263.8,174.7,264.9,174.4,265.8]],"iscrowd":0},{"id":22,"image_id":4,"category_id":1,"bbox":[184,258,13.8,8.6],"area":118.68,"segmentation":[[188.9,258,185,258.1,184.4,258.6,184.1,259.5,184.1,260.7,184.4,262,185.6,263.2,188.4,265.2,189.9,265.5,192.9,266.5,194.6,266.6,196.7,265.4,197.7,264.8,197.9,263.6,197.5,262.1,197,260.6,196.6,259.8,195.7,259.4,191.9,258.8,188.9,258]],"iscrowd":0},{"id":23,"image_id":4,"category_id":1,"bbox":[124,229,13.677,11.866],"area":162.292,"segmentation":[[123.894,232.703,123.994,235.117,124.397,236.323,125.201,238.536,126.106,240.044,128.218,240.647,129.827,240.949,133.146,240.849,136.062,240.446,137.57,239.038,136.866,236.223,135.458,232.904,132.743,230.189,128.721,229.284,127.514,229.284,126.71,229.083,124.899,231.295,123.894,232.703]],"iscrowd":0},{"id":24,"image_id":4,"category_id":1,"bbox":[133,222,15.587,14.28],"area":222.586,"segmentation":[[135.458,223.451,133.246,225.161,132.542,227.071,133.347,228.58,134.252,230.692,135.76,233.005,138.777,235.418,141.895,236.122,144.911,235.418,147.325,233.608,148.129,230.491,147.425,228.781,146.923,227.574,145.414,226.267,144.207,224.859,142.397,223.049,140.788,222.043,139.682,221.842,136.967,222.747,135.458,223.451]],"iscrowd":0},{"id":25,"image_id":5,"category_id":1,"bbox":[200,306,15.011,9.382],"area":140.834,"segmentation":[[199.836,311.325,200.774,313.827,202.651,314.609,206.873,315.547,210.625,314.922,214.847,311.638,213.44,308.354,210.469,306.165,205.309,306.165,202.963,306.165,200.618,308.98,199.836,311.325]],"iscrowd":0},{"id":26,"image_id":5,"category_id":1,"bbox":[217,304,11.258,7.662],"area":86.261,"segmentation":[[220.946,303.82,218.444,305.696,216.88,308.511,218.756,310.856,221.884,311.482,224.698,311.325,228.138,307.885,226.106,305.227,224.073,304.132,220.946,303.82]],"iscrowd":0},{"id":27,"image_id":5,"category_id":1,"bbox":[197,255,13.306,16.455],"area":218.947,"segmentation":[[199.895,260.127,197.152,263.276,198.168,266.018,199.692,269.574,203.348,271.402,207.614,269.777,209.036,268.863,210.357,266.425,210.458,262.768,207.716,259.213,206.294,257.283,205.075,256.064,204.059,255.455,203.755,254.947,201.926,256.775,199.895,260.127]],"iscrowd":0},{"id":28,"image_id":5,"category_id":1,"bbox":[216,246,15.033,17.47],"area":262.629,"segmentation":[[218.686,248.345,216.857,250.986,215.74,253.525,216.35,256.268,216.959,259.01,218.279,261.346,220.412,263.479,225.593,263.378,229.554,260.127,230.773,255.557,230.367,252.509,228.233,249.462,225.491,247.228,223.663,246.009,223.561,246.11,223.663,246.11,220.92,246.415,218.686,248.345]],"iscrowd":0},{"id":29,"image_id":5,"category_id":1,"bbox":[484,269,20.582,16.93],"area":348.464,"segmentation":[[484.012,275.867,485.672,279.186,489.655,283.391,495.077,286.047,501.938,284.609,504.04,281.289,504.594,277.084,502.27,273.322,497.18,269.117,491.868,269.117,490.208,269.781,485.561,272.879,484.012,275.867]],"iscrowd":0},{"id":30,"image_id":6,"category_id":1,"bbox":[94,249,13.238,10.539],"area":139.509,"segmentation":[[93.564,253.702,94.463,256.144,96.134,258.457,100.761,259.357,105.259,257.429,106.802,255.501,105.259,251.774,101.789,249.846,98.319,249.461,98.705,248.818,95.492,250.232,93.564,253.702]],"iscrowd":0},{"id":31,"image_id":6,"category_id":1,"bbox":[109,247,11.31,9.382],"area":106.11,"segmentation":[[110.143,248.304,108.986,250.36,109.115,252.674,110.657,255.244,113.485,256.401,115.669,256.015,118.497,255.115,120.296,252.545,119.782,250.103,117.083,248.561,115.284,247.79,114.384,247.019,112.071,247.147,110.143,248.304]],"iscrowd":0},{"id":32,"image_id":6,"category_id":1,"bbox":[68,177,18.507,13.495],"area":249.749,"segmentation":[[67.859,182.115,67.859,185.971,70.944,188.284,75.185,189.826,79.555,190.341,84.053,190.212,86.367,188.284,86.238,185.071,81.997,180.444,79.426,179.031,77.37,178.26,73.643,176.846,69.787,179.416,67.859,182.115]],"iscrowd":0},{"id":33,"image_id":6,"category_id":1,"bbox":[84,165,12.081,15.937],"area":192.532,"segmentation":[[83.539,170.291,83.668,173.633,84.953,176.717,86.881,179.031,88.037,180.187,91.764,180.958,94.849,179.031,95.62,175.047,95.235,171.705,94.463,168.492,90.993,165.407,89.708,165.022,87.78,165.407,85.21,166.821,83.539,170.291]],"iscrowd":0},{"id":34,"image_id":6,"category_id":1,"bbox":[298,192,16.216,12.366],"area":200.518,"segmentation":[[297.596,198.67,299.113,201.353,305.412,204.619,309.495,203.686,312.412,202.986,313.812,199.603,313.578,196.686,311.595,193.653,307.629,192.837,305.646,192.603,301.329,192.253,298.879,192.72,298.646,192.953,297.596,195.753,297.596,198.67]],"iscrowd":0},{"id":35,"image_id":7,"category_id":1,"bbox":[133,260,17.357,12.197],"area":211.692,"segmentation":[[138.071,272.077,141.511,272.077,146.046,270.983,148.392,270.045,150.268,265.979,149.799,263.008,147.922,260.193,142.137,259.881,137.602,260.506,136.586,260.506,132.911,267.855,133.38,269.888,134.944,270.826,138.071,272.077]],"iscrowd":0},{"id":36,"image_id":7,"category_id":1,"bbox":[156,255,14.698,12.195],"area":179.244,"segmentation":[[156.835,260.975,156.366,265.197,158.399,266.917,161.214,267.386,166.217,266.292,168.563,265.041,171.065,260.663,170.752,258.473,168.067,255.192,165.748,255.346,161.839,256.597,158.555,258.63,156.835,260.975]],"iscrowd":0},{"id":37,"image_id":7,"category_id":1,"bbox":[193,167,21.109,17.357],"area":366.389,"segmentation":[[192.8,174.817,192.8,177.788,194.832,181.072,199.992,184.199,206.56,184.669,212.033,183.261,213.909,178.101,211.564,173.41,207.811,170.439,202.963,169.657,201.087,167.312,195.927,169.345,192.8,174.817]],"iscrowd":0},{"id":38,"image_id":7,"category_id":1,"bbox":[220,158,20.171,20.64],"area":416.341,"segmentation":[[222.666,159.806,219.538,162.777,219.538,168.406,221.884,174.505,228.92,178.57,235.644,177.632,239.397,174.817,239.709,170.596,239.084,166.843,236.426,161.995,234.549,160.588,230.797,157.93,226.418,158.868,222.666,159.806]],"iscrowd":0},{"id":39,"image_id":7,"category_id":1,"bbox":[471,204,15.891,12.502],"area":198.677,"segmentation":[[482.105,206.116,478.366,207.167,475.211,207.635,471.589,211.374,471.472,215.23,472.524,216.749,477.081,216.865,482.105,214.762,484.559,212.659,485.844,210.789,487.363,209.037,487.129,205.999,483.507,204.363,482.105,206.116]],"iscrowd":0},{"id":40,"image_id":8,"category_id":1,"bbox":[323,176,27.158,27.483],"area":746.373,"segmentation":[[324.754,192.055,327.681,196.771,332.56,201.325,339.715,203.114,347.196,196.771,349.635,188.803,349.96,182.135,349.472,176.606,341.992,175.631,337.601,176.444,328.494,180.347,323.128,182.786,322.802,185.713,324.754,192.055]],"iscrowd":0},{"id":41,"image_id":8,"category_id":1,"bbox":[354,167,24.556,23.417],"area":575.032,"segmentation":[[358.579,168.475,353.863,180.672,355.001,187.502,357.929,190.429,365.734,187.99,372.89,184.087,378.419,178.558,377.606,172.216,376.305,169.288,370.938,167.012,367.035,167.662,361.994,167.987,358.579,168.475]],"iscrowd":0},{"id":42,"image_id":8,"category_id":1,"bbox":[231,255,16.589,19.445],"area":322.579,"segmentation":[[231.697,261.469,231.477,265.644,232.136,269.708,234.004,274.542,237.409,274.872,242.243,272.565,244.88,269.489,247.297,265.204,248.066,259.601,244.44,257.294,237.849,256.635,234.553,256.086,234.663,255.426,232.575,258.503,231.697,261.469]],"iscrowd":0},{"id":43,"image_id":8,"category_id":1,"bbox":[247,251,12.744,14.787],"area":188.442,"segmentation":[[247.626,264.105,249.933,266.083,254.218,265.534,258.173,262.018,259.821,257.953,257.294,253.779,254.767,252.68,251.254,251.296,248.176,252.57,247.077,256.525,247.077,260.151,247.626,264.105]],"iscrowd":0},{"id":44,"image_id":9,"category_id":1,"bbox":[224,223,20.095,18.505],"area":371.858,"segmentation":[[223.649,231.456,223.793,236.226,226.396,239.407,233.48,241.286,238.684,239.985,242.877,236.226,243.744,231.022,243.166,226.974,237.238,224.805,232.323,223.938,230.588,223.215,230.733,222.781,225.962,227.697,223.649,231.456]],"iscrowd":0},{"id":45,"image_id":9,"category_id":1,"bbox":[248,224,16.625,11.421],"area":189.879,"segmentation":[[247.937,227.263,247.937,232.034,252.563,235.359,257.334,234.925,261.96,233.19,264.562,226.974,263.261,225.817,260.659,224.95,258.49,224.516,258.346,223.938,250.539,225.528,247.937,227.263]],"iscrowd":0},{"id":46,"image_id":9,"category_id":1,"bbox":[244,99,21.541,23.42],"area":504.492,"segmentation":[[245.768,116.523,250.972,120.86,255.743,122.45,260.948,122.306,266.008,105.536,262.972,101.488,257.767,99.03,250.28,99.454,246.057,103.801,244.901,106.837,244.467,111.174,245.768,116.523]],"iscrowd":0},{"id":47,"image_id":9,"category_id":1,"bbox":[271,78,28.914,29.049],"area":839.931,"segmentation":[[275.549,84.429,274.104,88.187,272.513,93.97,270.778,99.464,273.381,104.668,279.597,106.981,285.525,107.126,292.898,104.957,299.548,98.452,299.692,92.091,298.97,88.621,296.801,84.718,295.066,81.971,292.464,80.236,291.018,79.079,290.015,78.077,285.814,78.357,282.344,79.658,277.573,82.115,275.549,84.429]],"iscrowd":0},{"id":48,"image_id":10,"category_id":1,"bbox":[309,215,13.842,7.251],"area":100.369,"segmentation":[[309.258,219.392,309.698,221.15,311.895,222.468,318.267,222.358,322.551,220.93,323.101,219.722,320.684,217.744,318.157,216.316,316.07,215.657,314.751,215.437,314.202,215.217,314.202,215.494,311.895,216.096,310.137,217.415,309.258,219.392]],"iscrowd":0},{"id":49,"image_id":10,"category_id":1,"bbox":[200,239,6.5,6.6],"area":42.9,"segmentation":[[200.3,242,200.2,243.6,200.3,244.8,201.9,245.7,203,245.8,204.6,245.3,206.4,243.5,206.7,242,206.2,240.2,204.4,239.6,203.2,239.2,202.1,239.4,201.1,240.8,200.3,242]],"iscrowd":0},{"id":50,"image_id":10,"category_id":1,"bbox":[212,239,4.9,4.1],"area":20.09,"segmentation":[[212.2,240,212.3,242.7,213.8,243.3,215.1,243.1,216.8,242.5,217.1,241.9,215.9,240.2,215,239.5,213.7,239.2,212.2,240]],"iscrowd":0},{"id":51,"image_id":10,"category_id":1,"bbox":[175,205,11.6,7.8],"area":90.48,"segmentation":[[175.9,211.5,176.6,212.2,180.5,212.7,183.8,212.1,186.5,209.9,185.4,207.5,183.9,206.3,180.4,204.9,178.5,204.9,177,205.3,176.5,205.8,176.5,205.6,174.9,208.2,175.9,211.5]],"iscrowd":0},{"id":52,"image_id":10,"category_id":1,"bbox":[183,201,6.6,7],"area":46.2,"segmentation":[[187.3,200.7,185.4,201.6,184,202.2,183.4,204.6,185,206.5,187,207.6,188.5,207.7,189.8,206.7,190,205.4,189.3,203.7,188.7,201.2,188.1,200.7,187.3,200.7]],"iscrowd":0},{"id":53,"image_id":10,"category_id":1,"bbox":[202,52,9.1,7.8],"area":70.98,"segmentation":[[201.6,55.8,201.9,57.8,203.2,59.3,207.3,58.7,209.7,57.7,210.7,55.9,210.5,52.6,209,51.5,206.1,51.9,205.8,51.6,202.7,54.5,201.6,55.8]],"iscrowd":0},{"id":54,"image_id":11,"category_id":1,"bbox":[274,222,6.972,6.021],"area":41.98,"segmentation":[[274.441,224.158,275.814,227.011,278.032,228.067,280.779,227.222,281.413,225.954,280.673,223.841,278.455,223.102,277.821,222.046,274.758,222.996,274.441,224.158]],"iscrowd":0},{"id":55,"image_id":11,"category_id":1,"bbox":[284,221,6.232,5.704],"area":35.552,"segmentation":[[283.842,221.623,284.582,223.841,285.955,225.215,287.751,226.377,290.075,224.37,289.969,222.574,288.279,221.306,287.117,220.672,284.899,220.672,283.842,221.623]],"iscrowd":0},{"id":56,"image_id":11,"category_id":1,"bbox":[263,188,8.24,6.338],"area":52.223,"segmentation":[[263.032,192.89,265.567,194.052,268.42,194.158,270.321,193.418,271.272,190.672,270.638,188.665,268.631,187.82,267.046,188.137,263.877,189.087,263.244,190.672,263.032,192.89]],"iscrowd":0},{"id":57,"image_id":11,"category_id":1,"bbox":[272,184,6.444,6.232],"area":40.161,"segmentation":[[272.856,184.334,271.906,185.707,272.328,188.559,273.279,190.355,277.293,190.355,278.349,188.982,277.927,186.763,276.342,184.651,275.603,184.228,274.018,184.123,272.856,184.334]],"iscrowd":0},{"id":58,"image_id":11,"category_id":1,"bbox":[417,188,13.5,9.2],"area":124.2,"segmentation":[[417.6,190.1,417,193.1,418.3,194.6,418.5,195.7,421.8,196.7,426.7,196.2,430.5,194.1,430.2,192.6,427.7,189.7,422.4,187.5,420.5,188,418.2,189.5,417.6,190.1]],"iscrowd":0},{"id":59,"image_id":12,"category_id":1,"bbox":[67,0,17,12.5],"area":212.5,"segmentation":[[67,0.5,73.5,11,84,12.5,81.5,0,67,0.5]],"iscrowd":0},{"id":60,"image_id":12,"category_id":1,"bbox":[336,232,22.6,16.6],"area":375.16,"segmentation":[[336.8,235.9,336.2,237.4,336.1,240.8,338.1,244.1,341,246.1,343.1,247.6,345.9,248.3,347.9,247.9,350.7,246.4,354.6,244.3,357.9,242.4,358.7,239.1,356.5,235.9,353.2,232.9,348.2,232.3,344.6,232.2,343.7,231.7,340.9,233,336.8,235.9]],"iscrowd":0},{"id":61,"image_id":12,"category_id":1,"bbox":[173,267,6,8.3],"area":49.8,"segmentation":[[172.6,269.8,172.6,270.4,172.9,271.3,173.5,273.4,174.5,274.7,177.2,275.7,178.6,275.6,178.5,274.1,178,272.7,177.4,271.2,176.8,270.6,175.9,269.4,175,268.4,174.1,267.6,174,267.4,173.1,268.3,172.6,269.8]],"iscrowd":0},{"id":62,"image_id":12,"category_id":1,"bbox":[183,262,15.1,7.6],"area":114.76,"segmentation":[[186.6,262.2,185.1,262.1,183.4,262.3,183.1,263.5,183.8,265.9,184.7,268.3,185.9,269.4,188.5,269.7,190.1,269.3,192.2,269,194.3,268.5,196.4,267.6,198.2,264.8,196.2,263.4,194.8,263.1,194.1,262.5,189.9,262.4,186.6,262.2]],"iscrowd":0},{"id":63,"image_id":12,"category_id":1,"bbox":[120,232,15.6,14.254],"area":222.359,"segmentation":[[120.5,241.4,122,243.5,124.6,245.4,126.7,246.3,130.6,246.1,133.7,245.5,135.1,244.3,135.3,242.5,134.4,240.2,132.6,237.8,130.6,235,129.7,233.9,127.228,232.046,122.8,234.9,120.1,237.6,119.7,239.1,120.5,241.4]],"iscrowd":0},{"id":64,"image_id":12,"category_id":1,"bbox":[129,225,14.7,14.192],"area":208.627,"segmentation":[[129.4,230,130.1,232.5,131.6,234.6,133.4,236.4,135.1,238.2,137.2,239.3,138.4,239.3,140.2,238,141.7,236.5,143,235.4,144.1,233.6,143.7,230.3,142.3,227.8,140.2,226.4,139.3,225.7,138.285,225.108,135.4,225.3,132,226.4,130.5,227.6,129.4,230]],"iscrowd":0},{"id":65,"image_id":13,"category_id":1,"bbox":[139,209,23.303,23.908],"area":557.135,"segmentation":[[142.996,214.872,139.515,218.806,138.608,222.892,138.608,224.708,140.877,226.523,142.693,227.583,145.114,230.155,148.595,232.576,151.016,232.879,153.588,233.03,156.463,232.425,158.582,231.517,159.943,230.609,161.911,227.431,161.759,222.892,161.305,220.168,160.7,217.898,159.943,215.629,158.43,213.359,156.766,211.392,152.983,209.727,150.864,209.122,148.595,211.089,142.996,214.872]],"iscrowd":0},{"id":66,"image_id":13,"category_id":1,"bbox":[159,206,22.092,17.402],"area":384.444,"segmentation":[[164.029,208.971,161.608,211.543,159.943,212.905,158.884,215.78,159.943,218.504,161.305,220.168,163.272,221.984,164.634,223.497,168.569,223.346,171.746,223.194,174.167,222.892,177.345,221.833,180.069,219.714,180.977,216.536,180.825,214.569,178.858,211.543,177.194,210.03,175.681,208.214,173.865,207.003,172.957,206.852,170.838,206.095,167.661,206.701,164.029,208.971]],"iscrowd":0},{"id":67,"image_id":13,"category_id":1,"bbox":[147,257,14.6,13],"area":189.8,"segmentation":[[150,259,149.3,260.1,148.1,261.7,147.2,263.4,147,265.2,147.1,266.7,147.9,268,149.8,268.9,151.2,269.2,152.2,269.8,155.1,270,157.9,269,159.9,268.1,161.2,266.4,161.5,264.5,161.6,263,160.2,260.9,158.6,259.2,156.9,258.5,156.5,258.3,154.4,257.3,154.5,257,152.4,257.8,150,259]],"iscrowd":0},{"id":68,"image_id":13,"category_id":1,"bbox":[163,253,16.6,11.9],"area":197.54,"segmentation":[[164.2,256,163,257.9,162.6,260.2,162.8,262,164,263.5,166.6,264.7,171.8,264.8,175.1,264,176.8,262.9,178.4,261.1,179.2,259.3,178.3,256.3,175.9,254.4,173.5,253.9,171.3,254,168.1,252.9,167.2,253.4,164.2,256]],"iscrowd":0},{"id":69,"image_id":13,"category_id":1,"bbox":[414,221,26.441,18.611],"area":492.106,"segmentation":[[416.595,224.469,415.574,226.171,414.893,227.306,414.439,229.575,414.552,231.391,415.233,233.434,417.276,237.179,420.453,237.746,422.155,238.427,424.425,239.448,428.284,239.675,431.575,239.335,434.298,238.654,436.795,237.633,439.178,235.59,440.54,232.866,440.88,229.916,440.426,227.419,438.951,225.377,436.227,224.355,433.958,223.788,431.575,223.447,426.468,223.107,424.425,222.993,422.269,222.653,421.361,222.086,420.34,221.745,418.978,221.064,417.843,222.766,416.595,224.469]],"iscrowd":0},{"id":70,"image_id":14,"category_id":1,"bbox":[155,239,12.698,12.297],"area":156.146,"segmentation":[[154.648,244.736,155.316,248.612,160.662,251.018,164.271,250.617,166.677,247.409,167.345,243.8,166.009,240.86,161.331,238.721,156.519,241.395,154.648,244.736]],"iscrowd":0},{"id":71,"image_id":14,"category_id":1,"bbox":[173,238,12.832,10.426],"area":133.778,"segmentation":[[173.761,239.523,172.826,240.726,172.558,244.201,174.296,246.34,177.37,248.211,179.509,248.211,182.583,246.607,185.39,242.464,183.786,239.256,179.642,238.053,179.375,237.786,176.167,238.187,173.761,239.523]],"iscrowd":0},{"id":72,"image_id":14,"category_id":1,"bbox":[160,138,13.1,12.3],"area":161.13,"segmentation":[[160.1,141.4,159.8,143.8,160.5,146.1,163,148.2,168,149.8,171.1,148.2,172.9,144.8,172.5,143.4,169.5,138.5,167.1,137.9,165.8,137.7,164.4,137.5,162,139.2,160.1,141.4]],"iscrowd":0},{"id":73,"image_id":14,"category_id":1,"bbox":[176,127,9.8,14.2],"area":139.157,"segmentation":[[177,133.3,178,135.3,179.1,138,180.9,141,183.3,140.6,185.5,138.8,185.9,133.8,185.1,131.6,183.8,128.4,182.1,126.9,177.914,126.8,177.2,127.3,176.6,129.1,176.1,131.5,177,133.3]],"iscrowd":0},{"id":74,"image_id":14,"category_id":1,"bbox":[375,122,18.622,15.37],"area":286.219,"segmentation":[[377.901,126.066,376.127,127.987,375.241,131.829,376.571,134.49,380.266,136.263,386.029,137.593,390.463,136.263,393.123,134.046,393.567,132.273,393.862,126.361,392.532,124.735,388.099,123.405,386.621,122.666,386.325,122.223,381.448,123.553,377.901,126.066]],"iscrowd":0},{"id":75,"image_id":15,"category_id":1,"bbox":[267,259,24.098,18.156],"area":437.527,"segmentation":[[270.911,259.797,268.93,260.567,267.28,262.438,267.17,263.428,266.84,264.859,266.619,266.84,266.729,270.141,268.71,273.112,272.341,275.642,276.633,276.963,281.805,277.513,287.526,274.322,290.718,271.351,290.387,268.38,287.086,265.629,280.484,261.998,278.503,261.118,277.513,260.457,276.853,259.907,272.892,259.357,270.911,259.797]],"iscrowd":0},{"id":76,"image_id":15,"category_id":1,"bbox":[179,257,11.671,9.796],"area":114.328,"segmentation":[[182.261,258.02,180.489,259.062,179.447,260.625,179.551,262.189,180.489,263.752,181.74,265.315,183.094,266.565,186.742,266.357,189.659,266.149,191.118,265.106,191.118,263.543,190.389,260.73,188.826,258.645,187.367,257.603,186.429,256.77,184.136,257.499,182.261,258.02]],"iscrowd":0},{"id":77,"image_id":15,"category_id":1,"bbox":[192,257,11.463,8.441],"area":96.757,"segmentation":[[193.932,257.812,192.994,258.75,192.473,260.521,192.786,262.501,193.932,263.752,195.912,265.002,199.038,265.523,200.914,265.106,202.998,263.96,203.728,262.605,203.936,259.896,202.894,258.229,201.122,257.395,200.706,257.395,199.247,257.603,196.641,257.082,193.932,257.812]],"iscrowd":0},{"id":78,"image_id":15,"category_id":1,"bbox":[112,219,16,9.7],"area":155.2,"segmentation":[[112,223.5,112.8,225.6,115.9,227.3,119.8,228.5,122.8,229.1,126.4,228.8,127.8,227.9,128,226.7,124.2,223.7,121.4,222.2,118.4,220.4,116.1,219.7,116.4,219.4,113.3,220.8,112,223.5]],"iscrowd":0},{"id":79,"image_id":15,"category_id":1,"bbox":[117,208,15.1,12.7],"area":191.77,"segmentation":[[118.7,211.1,117,213.3,117.3,215.4,120,217.8,123,219.6,127.5,221,130.6,220.6,131.7,218.9,132.1,214.9,131.1,211.9,129,209.6,127.8,208.9,126.8,208.3,122,209.4,118.7,211.1]],"iscrowd":0},{"id":80,"image_id":16,"category_id":1,"bbox":[222,270,14.148,12.847],"area":181.76,"segmentation":[[222.465,274.504,222.953,277.431,224.905,279.871,228.32,282.798,234.825,281.009,236.613,278.732,235.963,271.252,233.036,269.951,227.669,270.113,224.742,271.902,222.465,274.504]],"iscrowd":0},{"id":81,"image_id":16,"category_id":1,"bbox":[242,266,11.8,10.1],"area":119.18,"segmentation":[[242.4,267.3,242.1,269.7,243,273.1,244.3,275.7,248.1,276.5,251.7,274.4,253.9,270,252.6,267.3,250.7,266.9,250.7,266.4,245.3,266.4,242.4,267.3]],"iscrowd":0},{"id":82,"image_id":16,"category_id":1,"bbox":[266,210,19.898,19.073],"area":379.518,"segmentation":[[265.969,216.99,266.087,220.405,270.325,225.35,275.859,228.646,283.277,225.938,285.867,222.406,284.925,218.639,281.864,212.987,278.332,210.75,272.916,210.162,270.914,209.573,267.382,213.34,265.969,216.99]],"iscrowd":0},{"id":83,"image_id":16,"category_id":1,"bbox":[290,201,21.075,17.072],"area":359.792,"segmentation":[[289.87,206.041,289.988,209.926,291.047,213.458,293.284,216.99,297.405,217.815,304.234,217.461,308.472,214.4,310.945,210.515,310.356,205.57,307.177,202.98,303.057,201.684,301.173,201.684,298.7,201.331,298.112,201.331,298.818,200.743,293.755,203.804,289.87,206.041]],"iscrowd":0},{"id":84,"image_id":17,"category_id":1,"bbox":[181,285,17.204,19.083],"area":328.302,"segmentation":[[181.145,293.62,181.29,297.668,183.459,300.704,186.928,303.596,191.265,304.029,196.181,302.15,198.349,299.114,196.904,294.054,193.434,288.271,188.518,285.235,184.76,284.946,183.459,286.247,183.892,286.247,181.724,290.295,181.145,293.62]],"iscrowd":0},{"id":85,"image_id":17,"category_id":1,"bbox":[198,279,13.408,16.252],"area":217.895,"segmentation":[[198.066,281.051,198.371,285.419,199.692,288.364,201.723,292.63,203.247,295.373,207.513,293.748,211.474,289.888,211.474,286.435,210.458,282.88,209.036,280.746,203.551,279.731,200.098,279.121,198.066,281.051]],"iscrowd":0},{"id":86,"image_id":17,"category_id":1,"bbox":[315,201,24.574,21.034],"area":516.889,"segmentation":[[318.006,205.965,316.132,207.839,315.299,210.13,316.132,214.087,318.631,217.627,322.588,220.959,330.71,222.417,337.374,221.167,339.873,217.002,339.873,213.046,334.875,205.757,330.502,204.507,324.254,201.383,322.38,201.591,322.38,202.008,320.297,203.257,318.006,205.965]],"iscrowd":0},{"id":87,"image_id":17,"category_id":1,"bbox":[338,195,19.784,17.702],"area":350.216,"segmentation":[[338.415,205.757,340.706,209.713,344.455,212.837,350.078,213.046,354.868,211.171,357.991,207.423,358.2,202.008,355.492,198.259,352.369,195.344,340.29,199.717,338.415,205.757]],"iscrowd":0},{"id":88,"image_id":17,"category_id":1,"bbox":[442,237,13.12,8.673],"area":113.79,"segmentation":[[445.647,237.834,442.979,239.502,441.644,242.059,443.423,244.505,446.759,245.395,451.762,245.284,453.986,244.061,454.765,242.393,454.653,240.614,453.541,238.724,451.874,237.723,450.984,236.945,448.872,236.722,445.647,237.834]],"iscrowd":0},{"id":89,"image_id":18,"category_id":1,"bbox":[178,207,8.329,9.142],"area":76.139,"segmentation":[[178.26,213.099,178.361,214.013,180.799,216.045,183.846,216.045,186.182,214.521,186.487,211.372,184.862,208.63,178.768,206.903,178.158,208.528,178.971,210.052,179.072,210.052,178.26,210.661,178.26,213.099]],"iscrowd":0},{"id":90,"image_id":18,"category_id":1,"bbox":[181,198,9.345,10.665],"area":99.662,"segmentation":[[181.815,202.028,181.409,203.551,183.135,205.989,185.065,207.919,188.722,208.732,190.753,206.802,190.652,203.247,188.823,201.012,187.706,199.793,186.386,198.066,183.745,199.59,181.815,202.028]],"iscrowd":0},{"id":91,"image_id":18,"category_id":1,"bbox":[234,240,8.5,7.3],"area":62.05,"segmentation":[[233.9,243.9,234.3,246.1,235.6,247.5,238.8,247.5,241.5,246.6,242.4,244.7,240.6,241.1,238.2,240.2,236.7,240.3,236,241.2,234.6,242.5,233.9,243.9]],"iscrowd":0},{"id":92,"image_id":18,"category_id":1,"bbox":[244,238,6.5,7.6],"area":49.4,"segmentation":[[244.2,239.1,243.5,241.8,244,244,244.8,246,247.3,246,249.9,244.4,250,243.3,249.2,240.6,248,239.1,247.1,238.5,247.2,238.5,245.3,238.4,244.2,239.1]],"iscrowd":0},{"id":93,"image_id":18,"category_id":1,"bbox":[296,212,17.974,15.67],"area":281.661,"segmentation":[[296.348,219.265,296.003,222.031,297.846,225.142,300.611,226.524,305.681,227.446,310.981,226.179,313.747,223.298,313.977,220.994,312.594,217.076,311.097,213.735,307.755,212.928,303.607,212.352,301.418,212.007,301.418,212.352,301.188,211.776,297.04,215.578,296.348,219.265]],"iscrowd":0},{"id":94,"image_id":19,"category_id":1,"bbox":[115,296,15.519,15.228],"area":236.324,"segmentation":[[116.172,301.089,114.721,304.86,115.156,306.745,118.057,308.776,120.377,310.226,124.148,311.386,127.339,310.516,129.37,308.63,130.24,304.86,129.225,297.753,127.049,297.028,123.133,296.158,119.362,298.768,116.172,301.089]],"iscrowd":0},{"id":95,"image_id":19,"category_id":1,"bbox":[134,295,14.358,11.748],"area":168.677,"segmentation":[[136.766,297.463,134.881,300.509,133.721,303.554,135.171,305.295,138.072,307.035,143.003,306.89,146.774,305.585,148.079,302.974,147.644,298.333,146.628,296.593,145.468,295.723,141.842,295.287,138.942,296.158,136.766,297.463]],"iscrowd":0},{"id":96,"image_id":19,"category_id":1,"bbox":[142,213,19.289,12.473],"area":240.594,"segmentation":[[141.987,218.71,141.987,222.046,143.873,223.931,147.354,225.672,152.865,225.817,158.086,224.221,161.277,221.611,160.697,216.679,157.651,214.649,151.56,214.069,148.804,213.779,148.514,213.344,145.468,214.359,141.987,218.71]],"iscrowd":0},{"id":97,"image_id":19,"category_id":1,"bbox":[160,202,16.099,19.289],"area":310.534,"segmentation":[[161.422,208.703,160.262,211.603,161.712,215.664,163.887,220.885,169.834,221.466,174.185,218.42,176.07,215.084,176.36,210.733,175.925,207.542,173.605,204.207,170.704,202.466,168.093,202.176,163.597,205.657,161.422,208.703]],"iscrowd":0},{"id":98,"image_id":19,"category_id":1,"bbox":[380,246,20.509,12.631],"area":259.053,"segmentation":[[381.654,249.094,380.16,252.625,380.704,255.478,384.235,257.515,389.532,258.194,394.829,256.7,398.224,255.342,400.669,252.082,398.496,248.415,388.038,245.563,384.642,247.057,381.654,249.094]],"iscrowd":0},{"id":99,"image_id":19,"category_id":1,"bbox":[219,23,13.556,9.615],"area":130.343,"segmentation":[[219.731,27.269,218.786,30.107,221.15,31.998,223.672,32.786,228.716,32.786,231.553,31.841,232.342,28.53,230.135,24.747,227.298,23.644,225.879,23.171,225.406,23.329,221.623,25.22,219.731,27.269]],"iscrowd":0},{"id":100,"image_id":20,"category_id":1,"bbox":[183,258,15.013,13.762],"area":206.607,"segmentation":[[183.075,261.476,182.936,263.422,183.77,266.341,185.438,269.26,186.689,270.929,189.608,271.763,193.64,269.956,195.308,269.539,197.532,268.426,197.949,266.758,196.837,264.951,191.137,260.364,188.913,259.53,186.411,258.001,184.048,259.669,183.075,261.476]],"iscrowd":0},{"id":101,"image_id":20,"category_id":1,"bbox":[198,255,9.5,13.6],"area":129.2,"segmentation":[[198.9,258.1,200.8,259.9,201.7,261,203.2,264,203.5,265.8,204.7,268.6,205.2,268.4,205.9,267.7,207.6,266.6,207.6,265.3,207.2,262.9,206.2,260.8,205,259.3,203,257.9,200,255.8,198.1,255,198.9,258.1]],"iscrowd":0},{"id":102,"image_id":20,"category_id":1,"bbox":[283,179,17.859,14.633],"area":261.335,"segmentation":[[284.711,182.28,282.752,185.506,283.789,187.464,285.978,190.345,289.435,192.765,292.776,194.032,295.887,192.534,300.496,189.423,300.611,187.004,297.5,183.317,295.081,181.243,292.661,180.436,291.394,179.399,286.9,180.666,284.711,182.28]],"iscrowd":0},{"id":103,"image_id":20,"category_id":1,"bbox":[300,175,12.559,16.707],"area":209.825,"segmentation":[[302.109,175.827,300.611,176.864,300.266,178.592,300.381,181.243,300.496,183.777,301.418,187.464,303.146,190.691,304.99,191.728,308.792,189.193,311.903,186.773,312.825,182.625,312.134,180.206,311.097,178.362,307.64,175.366,304.183,175.021,302.109,175.827]],"iscrowd":0},{"id":104,"image_id":20,"category_id":1,"bbox":[377,229,14.5,11.3],"area":163.85,"segmentation":[[378.4,233.3,376.5,237.1,377.6,238.6,380.9,240.2,387.4,240,390.7,237.6,391,233.1,388.2,229.9,384.9,228.9,383.5,229.6,383.4,229.9,380.7,230.5,378.4,233.3]],"iscrowd":0},{"id":105,"image_id":21,"category_id":1,"bbox":[231,269,13.6,12.6],"area":171.36,"segmentation":[[231,274.1,230.5,276.2,230.5,277.2,231.8,280.1,234.1,281.4,237.4,281.6,240.8,280.7,242.8,279.7,244.1,277.9,243.3,274.3,241.3,271.9,237.9,269.3,235,269.4,235.3,269,232.3,271.1,231,274.1]],"iscrowd":0},{"id":106,"image_id":21,"category_id":1,"bbox":[247,268,12.2,9.6],"area":117.12,"segmentation":[[248.2,268.4,247,270.5,246.6,272.3,247.1,275,248.6,276,249.8,276.9,251.9,277.1,254.2,276.7,256.1,275.9,257.9,274.4,258.8,272.9,258.7,270.7,256.6,268.9,254.4,268.3,253.8,268.3,252.7,267.5,250,267.5,248.2,268.4]],"iscrowd":0},{"id":107,"image_id":21,"category_id":1,"bbox":[278,187,16.7,13.683],"area":228.509,"segmentation":[[285,198.4,287.7,200.4,291.2,200.4,294,197.7,295.1,194.9,294.8,191.7,291.8,188.7,288.2,187.2,285.2,186.9,283.277,186.717,279.5,190.3,278.4,193.6,282.5,196.5,285,198.4]],"iscrowd":0},{"id":108,"image_id":21,"category_id":1,"bbox":[292,176,21.4,16.5],"area":353.1,"segmentation":[[294.5,178.5,292.6,180.6,291.8,182.4,292.8,185.5,295.5,189,298.7,191.1,302.3,192.1,307.1,191.9,310.5,190.7,312.3,188.7,313.2,186.9,313.2,185,313,183.3,312.2,181.5,310.1,179.6,307,177,304.3,176.6,304.7,175.6,304.4,175.6,298.3,177,294.5,178.5]],"iscrowd":0},{"id":109,"image_id":21,"category_id":1,"bbox":[490,201,20.4,9.8],"area":199.92,"segmentation":[[490,205.4,490.6,206.6,491.5,207.8,492.7,208.5,495.2,209.4,497.8,210.2,501.2,210.9,505.4,211,507.8,209.3,510.1,206.8,510.4,203.8,506.7,203,503.1,202.3,499.6,202.1,496.2,202,494.2,201.2,491.4,202.8,490,205.4]],"iscrowd":0},{"id":110,"image_id":22,"category_id":1,"bbox":[207,211,7.8,5.4],"area":42.12,"segmentation":[[206.5,212.7,206.9,215.2,208.6,216,210.2,216.3,212.9,215.4,214.3,214.8,212.8,212.4,211.9,212,210,211.5,209.4,210.9,207,212.1,206.5,212.7]],"iscrowd":0},{"id":111,"image_id":22,"category_id":1,"bbox":[215,211,5.7,3.7],"area":21.09,"segmentation":[[215.8,211,215.2,211.5,215.2,213.4,215.8,214.3,217,214.7,217.1,214.7,219.2,214.5,220.6,214.1,220.9,213.6,220.6,211.8,219.4,211.4,218.8,211.1,217.2,211,215.8,211]],"iscrowd":0},{"id":112,"image_id":22,"category_id":1,"bbox":[226,177,6.3,5.3],"area":33.39,"segmentation":[[225.6,178.4,225.6,180.2,225.7,180.9,226.2,182.1,227.7,182.3,229.2,182.3,230.2,182,231.4,181.1,231.9,179.6,231.6,178.6,230.3,177.8,228.6,177.4,226.8,177,226.2,177.5,225.6,178.4]],"iscrowd":0},{"id":113,"image_id":22,"category_id":1,"bbox":[233,174,6.4,5.2],"area":33.28,"segmentation":[[234.3,174.4,233.4,175.1,233,176.4,233.7,178.8,236.1,179.6,238,179.2,239.1,178.4,239.4,176.9,239,175.6,238.2,174.6,235.8,174.4,234.3,174.4]],"iscrowd":0},{"id":114,"image_id":22,"category_id":1,"bbox":[338,192,8.5,7],"area":59.5,"segmentation":[[338.6,193.9,338.3,195.3,339.3,196.8,340.5,197.7,342.6,199.2,345.7,198.5,346.8,197.7,346.5,195.8,345.2,193.8,342.6,192.6,341.4,192.3,340.8,192.2,339.8,192.6,338.6,193.9]],"iscrowd":0},{"id":115,"image_id":22,"category_id":1,"bbox":[262,58,7.2,6],"area":43.2,"segmentation":[[261.5,61.5,262.1,63.3,263.7,64.4,267.8,63.8,268.7,61.7,267.5,59.2,265.6,58.4,262.9,59.7,261.5,61.5]],"iscrowd":0},{"id":116,"image_id":23,"category_id":1,"bbox":[111,257,15.286,16.262],"area":248.588,"segmentation":[[111.395,261.332,111.558,264.909,111.558,266.861,111.558,270.113,113.672,273.203,117.087,273.691,121.803,272.878,126.682,268.162,126.682,265.723,124.73,263.283,122.128,261.169,120.665,259.868,115.298,257.429,112.046,259.38,111.395,261.332]],"iscrowd":0},{"id":117,"image_id":23,"category_id":1,"bbox":[130,257,14.636,12.359],"area":180.888,"segmentation":[[130.422,259.868,129.609,263.934,130.259,266.861,131.235,268.65,133.674,269.788,136.927,269.463,141.48,267.511,143.432,265.56,144.245,261.82,142.293,259.38,139.691,258.892,135.788,257.429,132.373,258.567,130.422,259.868]],"iscrowd":0},{"id":118,"image_id":23,"category_id":1,"bbox":[198,197,20.673,20.553],"area":424.885,"segmentation":[[199.436,199.795,198.361,200.87,197.764,202.782,197.644,204.455,198.122,206.726,198.959,208.757,200.273,209.833,202.543,212.7,204.336,214.493,205.65,215.927,208.877,217.361,212.82,217.958,216.524,216.644,217.6,214.493,218.197,210.908,218.317,208.399,218.078,206.487,215.927,202.902,211.744,199.317,210.191,198.72,208.04,198.6,206.248,198.361,203.499,197.405,201.348,198.122,199.436,199.795]],"iscrowd":0},{"id":119,"image_id":23,"category_id":1,"bbox":[221,192,22.226,19],"area":422.286,"segmentation":[[221.782,197.286,221.065,199.556,222.14,202.065,223.694,205.172,224.769,206.726,226.801,208.877,229.669,210.669,232.656,211.266,235.882,210.908,239.467,209.474,242.574,206.248,243.291,203.26,242.933,199.795,242.096,197.166,238.631,194.059,235.643,193.342,232.059,192.984,230.625,192.984,228.115,192.267,223.813,194.896,221.782,197.286]],"iscrowd":0},{"id":120,"image_id":23,"category_id":1,"bbox":[392,248,19.822,10.951],"area":217.071,"segmentation":[[391.943,252.096,392.6,254.396,394.243,256.696,397.638,258.667,401.799,258.996,406.508,258.558,410.122,257.024,411.765,256.367,410.341,252.754,408.041,250.673,404.975,249.03,400.814,248.045,399.171,248.045,395.886,248.921,392.6,250.563,391.943,252.096]],"iscrowd":0},{"id":121,"image_id":24,"category_id":1,"bbox":[261,224,11.1,12],"area":133.2,"segmentation":[[261.2,227.7,260.7,229.8,261.3,231.9,262.4,234.6,263.9,235.7,267.8,236,271.1,234.1,271.8,232.1,271.3,230.2,269,227.2,268,225.8,265.9,224.4,265.6,224,262.6,226.1,261.2,227.7]],"iscrowd":0},{"id":122,"image_id":24,"category_id":1,"bbox":[276,225,10.6,8.9],"area":94.34,"segmentation":[[277,226.8,276.4,228.3,276.6,230.3,277.1,231.6,279.2,233,282.3,233.5,286.1,232,287,230.3,286.6,228.5,284.2,226.3,282.8,225.8,280.9,224.6,279.1,225.3,277,226.8]],"iscrowd":0},{"id":123,"image_id":24,"category_id":1,"bbox":[284,117,15.2,15.7],"area":238.64,"segmentation":[[283.7,123.3,283.9,126.6,285.6,128.1,288.1,130,291,132.4,295.5,131.9,298.5,129.8,298.9,126.2,298.8,122.4,297,119.4,293.3,116.7,290.6,116.7,289.4,117.3,288.5,118,288.5,117.9,285.6,120.7,283.7,123.3]],"iscrowd":0},{"id":124,"image_id":24,"category_id":1,"bbox":[302,107,13.5,14.5],"area":195.75,"segmentation":[[303,109,301.5,111.7,301.8,114.4,302.1,117.6,302.7,120.1,305.1,121.5,308.7,121.2,314.1,119,314.8,116.6,315,113.6,315,111,312,107.7,311,107.6,310.1,107.5,309.8,107,305.7,108,303,109]],"iscrowd":0},{"id":125,"image_id":25,"category_id":1,"bbox":[403,105,13.345,15.291],"area":204.056,"segmentation":[[406.879,108.566,405.211,111.068,402.987,113.987,403.265,117.324,405.35,120.104,409.799,120.382,413.691,117.88,416.193,112.875,416.332,110.095,415.498,107.176,412.301,105.091,409.66,105.647,406.879,108.566]],"iscrowd":0},{"id":126,"image_id":25,"category_id":1,"bbox":[463,317,11.7,15],"area":175.5,"segmentation":[[464.7,319.7,463.2,322.3,463.6,324.4,463.5,328.1,465.3,331,468.9,331.5,473.1,329.5,474.9,327.9,474.9,321.1,473.3,319.6,471.3,317.1,470.9,316.5,467.4,317.6,464.7,319.7]],"iscrowd":0},{"id":127,"image_id":25,"category_id":1,"bbox":[347,354,14.161,18.389],"area":260.412,"segmentation":[[347.062,365.028,348.33,370.735,353.403,372.426,359.321,370.101,361.223,364.816,359.744,358.687,357.841,355.939,355.094,354.037,348.33,359.321,347.062,365.028]],"iscrowd":0},{"id":128,"image_id":25,"category_id":1,"bbox":[366,345,10.357,18.812],"area":194.829,"segmentation":[[366.085,355.516,366.085,362.491,370.101,364.182,373.905,362.914,376.23,359.11,376.442,352.98,374.962,347.907,372.848,345.371,366.719,351.289,366.085,355.516]],"iscrowd":0},{"id":129,"image_id":25,"category_id":1,"bbox":[240,372,21.771,14.584],"area":317.507,"segmentation":[[242.647,376.864,239.688,383.205,250.468,386.587,257.02,382.148,261.459,377.921,258.5,372.003,252.37,372.214,250.468,373.06,250.891,372.848,244.761,374.962,242.647,376.864]],"iscrowd":0},{"id":130,"image_id":26,"category_id":1,"bbox":[162,243,18.852,15.424],"area":290.784,"segmentation":[[165.099,248.277,162.471,252.047,162.814,255.246,164.87,256.846,168.984,257.874,173.211,258.217,177.21,257.76,180.638,254.447,181.323,251.59,181.323,245.877,176.524,244.506,172.64,243.135,172.411,243.478,172.411,242.792,168.298,246.22,165.099,248.277]],"iscrowd":0},{"id":131,"image_id":26,"category_id":1,"bbox":[184,240,4.913,10.969],"area":53.888,"segmentation":[[185.094,243.821,185.094,244.735,185.665,246.791,185.665,247.82,186.008,250.219,187.036,251.019,188.75,251.019,188.864,249.077,188.978,246.22,188.864,244.621,187.264,242.564,185.779,241.421,184.065,240.05,185.094,243.821]],"iscrowd":0},{"id":132,"image_id":26,"category_id":1,"bbox":[275,167,21.938,15.785],"area":346.298,"segmentation":[[274.632,173.769,276.103,176.979,278.913,179.387,283.059,181.795,288.678,182.865,293.092,181.126,295.768,178.317,296.57,174.705,293.761,170.826,290.417,168.016,285.735,167.08,282.123,167.615,276.906,170.424,274.632,173.769]],"iscrowd":0},{"id":133,"image_id":26,"category_id":1,"bbox":[292,159,16.588,15.25],"area":252.959,"segmentation":[[296.035,158.92,293.36,160.391,292.022,162.933,293.092,165.609,294.296,168.15,295.768,169.622,297.908,171.762,301.386,174.17,305.801,174.036,307.941,171.628,308.61,168.685,307.406,166.01,302.991,162.666,302.456,160.659,298.577,159.455,296.035,158.92]],"iscrowd":0},{"id":134,"image_id":26,"category_id":1,"bbox":[364,192,17,10.7],"area":181.9,"segmentation":[[366.7,192.5,364,195.1,363.8,198.5,366.2,200.8,370,202,376.1,202.2,379.3,201.3,380.8,199.3,380.1,196.3,378.3,194.2,375.6,192.3,374.4,191.8,371.7,191.5,370.8,192.3,369,192.4,366.7,192.5]],"iscrowd":0},{"id":135,"image_id":27,"category_id":1,"bbox":[24,267,11.514,13.838],"area":159.337,"segmentation":[[24.613,271.061,24.191,273.068,24.613,276.448,25.669,279.089,29.367,280.885,32.958,279.511,34.543,277.927,35.388,274.23,35.705,271.272,33.486,267.469,30.212,267.046,25.458,270.11,24.613,271.061]],"iscrowd":0},{"id":136,"image_id":27,"category_id":1,"bbox":[48,264,12.359,12.148],"area":150.142,"segmentation":[[51.128,266.307,49.332,268.948,48.064,270.849,48.698,273.701,50.705,275.814,54.825,276.448,58.522,274.23,59.895,271.377,60.423,267.786,57.888,265.356,55.564,264.3,52.501,264.828,51.128,266.307]],"iscrowd":0},{"id":137,"image_id":27,"category_id":1,"bbox":[125,191,17.304,15.124],"area":261.72,"segmentation":[[126.173,196.072,125.083,198.933,125.083,202.204,129.988,205.474,136.119,206.155,139.935,204.929,142.387,200.841,142.115,197.98,138.436,194.573,135.574,192.938,134.348,192.121,134.076,191.031,130.26,192.802,126.173,196.072]],"iscrowd":0},{"id":138,"image_id":27,"category_id":1,"bbox":[147,186,17.304,14.443],"area":249.93,"segmentation":[[147.156,193.074,147.974,197.162,150.971,200.16,156.967,199.887,161.599,197.435,164.461,193.347,162.689,189.395,159.01,187.624,156.967,186.398,156.967,185.717,147.974,189.395,147.156,193.074]],"iscrowd":0},{"id":139,"image_id":27,"category_id":1,"bbox":[284,216,13.878,11.308],"area":156.935,"segmentation":[[284.142,221.022,284.758,224.62,287.226,226.367,289.693,227.395,296.889,224.928,298.02,222.461,297.094,220.302,294.627,218.143,290.618,217.527,289.282,216.087,286.506,218.246,284.142,221.022]],"iscrowd":0}]}